,phrase,label,sentiment,subjectivity,language,count
Ukraine,,,,,,
Deutschland,,,,,,
Russland,,,,,,
Berlin,,,,,,
Bayern,,,,,,
Washington,,,,,,
Br\u00fcssel,,,,,,
\u00fcberall,,,,,,
China,,,,,,
Moskau,,,,,,
Kiew,,,,,,
Europa,,,,,,
Russlands,,,,,,
USA,,,,,,
Deutschlands,,,,,,
Kreml,,,,,,
Bund,,,,,,
London,,,,,,
Brüssel,,,,,,
Düsseldorf,,,,,,
München,,,,,,
Frankreich,,,,,,
Chinas,,,,,,
Gaspreisbremse,,,,,,
Katar,,,,,,
Bachmut,,,,,,
Türkei,,,,,,
Staaten,,,,,,
Österreich,,,,,,
den USA,,,,,,
Polen,,,,,,
Großbritannien,,,,,,
Bayerns,,,,,,
Europas,,,,,,
Cherson,,,,,,
Belarus,,,,,,
S,,,,,,
Freier,,,,,,
Scholz,,,,,,
Strompreisbremse,,,,,,
Preisbremsen,,,,,,
Schweiz,,,,,,
Japan,,,,,,
Wilhelmshaven,,,,,,
Stadt,,,,,,
Peking,,,,,,
E-Mail</li><li,,,,,,
Teilen</li><li,,,,,,
Drucken</li><li,,,,,,
Spanien,,,,,,
Norwegen,,,,,,
Ukraine-Kriegs,,,,,,
Paris,,,,,,
Kommentare</li><li,,,,,,
Russen,,,,,,
Indien,,,,,,
US-Präsident,,,,,,
Iran,,,,,,
Hamburg,,,,,,
Italien,,,,,,
Frankfurt,,,,,,
Landes,,,,,,
Krim,,,,,,
Wien,,,,,,
Donezk,,,,,,
Qualitätsartikel,,,,,,
EU-Staaten,,,,,,
Moskaus,,,,,,
Freistaat,,,,,,
Ungarn,,,,,,
Schwedt,,,,,,
Sachsen-Anhalt,,,,,,
Thüringen,,,,,,
Brandenburg,,,,,,
D,,,,,,
Brunsbüttel,,,,,,
Schweden,,,,,,
Leipzig,,,,,,
Saudi-Arabien,,,,,,
Frankreichs,,,,,,
Euroraum,,,,,,
Ostsee,,,,,,
Bundesnetzagentur,,,,,,
Moldau,,,,,,
Statistische Bundesamt,,,,,,
Bonn,,,,,,
Union,,,,,,
Niedersachsen,,,,,,
US-Regierung,,,,,,
Putin,,,,,,
Charkiw,,,,,,
Privacy Center,,,,,,
Hessen,,,,,,
Kanada,,,,,,
Erde,,,,,,
Ägypten,,,,,,
Dortmund,,,,,,
Slowakei,,,,,,
Selenskyj,,,,,,
Kiews,,,,,,
Nordsee,,,,,,
Asien,,,,,,
NRW,,,,,,
Australien,,,,,,
Belgorod,,,,,,
Mariupol,,,,,,
Davos,,,,,,
Mecklenburg-Vorpommern,,,,,,
Dnipro,,,,,,
Luxemburg,,,,,,
Finnland,,,,,,
Dänemark,,,,,,
Den Haag,,,,,,
Niederlande,,,,,,
Rom,,,,,,
Tschechien,,,,,,
der Schweiz,,,,,,
Ostukraine,,,,,,
Afrika,,,,,,
Ukraine-News,,,,,,
Kasachstan,,,,,,
Bundesrepublik,,,,,,
Köln,,,,,,
Energiepreisbremsen,,,,,,
Bundesverfassungsgericht,,,,,,
Europäer,,,,,,
Alpen,,,,,,
G,,,,,,
Griechenland,,,,,,
Baden-Württemberg,,,,,,
Tirol,,,,,,
Saporischschja,,,,,,
Österreichs,,,,,,
Rheinland-Pfalz,,,,,,
Briten,,,,,,
Donbass,,,,,,
Singapur,,,,,,
Sachsens,,,,,,
Sachsen,,,,,,
Rehden,,,,,,
Litauen,,,,,,
Emirat,,,,,,
Ulm,,,,,,
Landtag,,,,,,
Argentinien,,,,,,
EU-Gaspreisdeckel,,,,,,
Staat,,,,,,
Bremen,,,,,,
Volksrepublik,,,,,,
Bali,,,,,,
Taiwan,,,,,,
Corona,,,,,,
Republik Moldau,,,,,,
Ukraine-Krieg,,,,,,
Brasilien,,,,,,
Belgien,,,,,,
Luhansk,,,,,,
Kiewer,,,,,,
Lubmin,,,,,,
Nord-Stream-Pipelines,,,,,,
Gaspreisdeckel,,,,,,
Niedersachsens,,,,,,
Mainz,,,,,,
Estland,,,,,,
Südafrika,,,,,,
Euro-Raum,,,,,,
Nordrhein-Westfalen,,,,,,
Xi,,,,,,
Eurozone,,,,,,
Potsdam,,,,,,
Wall Street,,,,,,
Syrien,,,,,,
Startseite</li><li,,,,,,
Amerika,,,,,,
Israel,,,,,,
New York,,,,,,
Embargo,,,,,,
Rumänien,,,,,,
Minsk,,,,,,
Halle,,,,,,
Afghanistan,,,,,,
Essener,,,,,,
Brandenburgs,,,,,,
Hiroshima,,,,,,
LNG-Terminal,,,,,,
Berlins,,,,,,
Land,,,,,,
G7-Gipfel,,,,,,
Georgien,,,,,,
Leyen,,,,,,
Hamburgs,,,,,,
St,,,,,,
Libanon,,,,,,
Atomkraftwerk Saporischschja,,,,,,
Gaseinkauf,,,,,,
Drohnenangriffen,,,,,,
Erdogan,,,,,,
Lauterbach,,,,,,
Flüssiggas-Terminals,,,,,,
Vereinigten Arabischen Emiraten,,,,,,
Gasspeichern,,,,,,
Lützerath,,,,,,
Augsburg,,,,,,
Briefporto,,,,,,
Soledar,,,,,,
E,,,,,,
Irak,,,,,,
Finanzminister,,,,,,
Magdeburg,,,,,,
Bergen,,,,,,
Texas,,,,,,
Ukraine-Krieg +++,,,,,,
Freiburg,,,,,,
Mittelmeer,,,,,,
Moskauer,,,,,,
Zürich,,,,,,
Erfurt,,,,,,
US-Inflation,,,,,,
Bundesverwaltungsgericht,,,,,,
Nürnberg,,,,,,
Odessa,,,,,,
Dresden,,,,,,
russische Regierung,,,,,,
Brasiliens,,,,,,
Kolumbien,,,,,,
Corona-Pandemie,,,,,,
Mönchengladbach,,,,,,
Euronews,,,,,,
Wiesbaden,,,,,,
Gladbach,,,,,,
Stuttgart,,,,,,
Flüssigerdgas-Terminals,,,,,,
LNG-Terminals,,,,,,
Prag,,,,,,
Japans,,,,,,
Windräder,,,,,,
St. Petersburg,,,,,,
Gasumlage,,,,,,
Finnlands,,,,,,
Salzburg,,,,,,
Borkum,,,,,,
Portugal,,,,,,
Straße,,,,,,
IMAGO,,,,,,
Ölembargo,,,,,,
Nord-Ostsee-Kanal,,,,,,
Rügen,,,,,,
Danzig,,,,,,
Ukraine +++,,,,,,
Özdemir,,,,,,
Gasfüllstand,,,,,,
Pakistan,,,,,,
Statistisches Bundesamt,,,,,,
Russland +++,,,,,,
Gazprom-Tochter,,,,,,
Afrikas,,,,,,
Bundes,,,,,,
Dubai,,,,,,
Preisdeckel,,,,,,
Moldawien,,,,,,
Landkreis Ebersberg,,,,,,
Schleswig-Holstein,,,,,,
Ga,,,,,,
US-Außenminister,,,,,,
US-Senator,,,,,,
Klimawende,,,,,,
AKW Saporischschja,,,,,,
Bulgarien,,,,,,
Bukarest,,,,,,
Awdijiwka,,,,,,
Verbraucherpreise,,,,,,
Heizungsverbot,,,,,,
Nigeria,,,,,,
Doppelwumms,,,,,,
Armenien,,,,,,
Amerikaner,,,,,,
ukrainische Regierung,,,,,,
Mützenich,,,,,,
Ostdeutschland,,,,,,
Madrid,,,,,,
Energ,,,,,,
Gaspreises,,,,,,
Chemnitz,,,,,,
Butscha,,,,,,
Frankfurt/Main,,,,,,
Säbener Straße,,,,,,
Lambrecht,,,,,,
Winterthur,,,,,,
Amt,,,,,,
Raffinerie PCK,,,,,,
Putins,,,,,,
B…,,,,,,
Tokio,,,,,,
Philippinen,,,,,,
Alaska,,,,,,
Netzagenturchef,,,,,,
UKRAINE-KRIEG,,,,,,
Emsland,,,,,,
Indonesien,,,,,,
daheim,,,,,,
Hessens,,,,,,
Athen,,,,,,
Thüringer,,,,,,
Bundesanwaltschaft,,,,,,
Flüssiggas-Terminal,,,,,,
Druschba-Pipeline,,,,,,
Brüsseler,,,,,,
Landtagswahl,,,,,,
Thüringens,,,,,,
Irland,,,,,,
Videoansprache,,,,,,
Libyen,,,,,,
Isar,,,,,,
Jahr,,,,,,
Vereinigten Staaten,,,,,,
Qatar,,,,,,
Österreicher,,,,,,
Verbrau,,,,,,
Wagner-Gruppe,,,,,,
Mykolajiw,,,,,,
Kr,,,,,,
Kreml-Angaben,,,,,,
Doha,,,,,,
Ramstein,,,,,,
Städtetag,,,,,,
Foto,,,,,,
Teheran,,,,,,
Indiens,,,,,,
Slowjansk,,,,,,
Niederösterreich,,,,,,
Schwedens,,,,,,
Burgenland,,,,,,
Lingen,,,,,,
Lettland,,,,,,
Warschau,,,,,,
Feldberg,,,,,,
Chile,,,,,,
sparenGas,,,,,,
Italiens,,,,,,
Ostseeküste,,,,,,
Freising,,,,,,
Umweltbundesamt,,,,,,
Erding,,,,,,
Kita-Essen,,,,,,
Münchens,,,,,,
Serbien,,,,,,
Schwarze Meer,,,,,,
F,,,,,,
Nord-,,,,,,
Ostsee-Insel Bornholm,,,,,,
Kroatien,,,,,,
Maskenpflicht,,,,,,
P,,,,,,
Flughafen,,,,,,
Oder-Spree,,,,,,
Oslo,,,,,,
Vereinigten Arabischen Emirate,,,,,,
Algerien,,,,,,
Saarland,,,,,,
Sewastopol,,,,,,
Lausitz,,,,,,
Waffenruhe,,,,,,
bb,,,,,,
Globus,,,,,,
Schwarzen Meer,,,,,,
Istanbul,,,,,,
Polens,,,,,,
Vatikan,,,,,,
Pyrenäen,,,,,,
Le,,,,,,
Bundesamtes für Bevölkerungsschutz und Katastrophenhilfe,,,,,,
Energiepreispauschale,,,,,,
Schloss Bellevue,,,,,,
Niederlanden,,,,,,
Kremls,,,,,,
Landkreisen,,,,,,
Senegal,,,,,,
Verteidigungsministeriums,,,,,,
Nordkorea,,,,,,
Türken,,,,,,
Ukrain,,,,,,
Land Berlin,,,,,,
Veröffentlichung,,,,,,
Krim-Brücke,,,,,,
Aldi,,,,,,
Europäern,,,,,,
Bodensee,,,,,,
Barcelona,,,,,,
Neu Delhi,,,,,,
Marseille,,,,,,
Büros,,,,,,
Hannover,,,,,,
Nord Stream,,,,,,
Baden,,,,,,
Ukraine-Krise,,,,,,
Wagner-Söldner,,,,,,
Schattenflotte,,,,,,
Pariser,,,,,,
Meeresboden,,,,,,
Ankara,,,,,,
Habeck,,,,,,
Terminals,,,,,,
Australiens,,,,,,
Kuwait,,,,,,
Preisbremse,,,,,,
Marokko,,,,,,
Mond,,,,,,
Tour,,,,,,
Wagner-Chef,,,,,,
Jemen,,,,,,
Kramatorsk,,,,,,
Wärmestuben,,,,,,
Litauens,,,,,,
Landkreis München,,,,,,
Brandenburger Landtag,,,,,,
Kernkraftwerk Saporischschja,,,,,,
Gebiet Saporischschja,,,,,,
Tschechiens,,,,,,
Isjum,,,,,,
Leverkusen,,,,,,
F.A.Z.-Newsletter,,,,,,
Norwegens,,,,,,
Aschheim,,,,,,
T,,,,,,
Selenskij,,,,,,
ukrainischen Regierung,,,,,,
Bundeswirtschaftsminister,,,,,,
Ebersberger Forst,,,,,,
Abu Dhabi,,,,,,
Nordkoreas,,,,,,
Vietnam,,,,,,
Iberischen Halbinsel,,,,,,
Spaniens,,,,,,
Gas-Deal,,,,,,
Bosporus,,,,,,
Oberbayern,,,,,,
Flüssigerdgas-Terminal,,,,,,
photothek,,,,,,
Bundeskartellamt,,,,,,
Flüssiggasterminals,,,,,,
Pekings,,,,,,
Irans,,,,,,
Neuer-Ersatz,,,,,,
Saale,,,,,,
Härtefallfonds,,,,,,
Statistischen Bundesamts,,,,,,
Ebersberg,,,,,,
Riga,,,,,,
Nordrhein-Westfalens,,,,,,
Milliardenhöhe,,,,,,
Köpenicker,,,,,,
England,,,,,,
Geywitz,,,,,,
Chiemsee,,,,,,
Stade,,,,,,
Twitter,,,,,,
Flüssiggas,,,,,,
Oblast Donezk,,,,,,
Pazifik,,,,,,
MV,,,,,,
Nord Stream 2,,,,,,
G-20-Gipfel,,,,,,
Äthiopien,,,,,,
Sölden,,,,,,
Bayreuth,,,,,,
Indexmieten,,,,,,
H,,,,,,
Zentralasien,,,,,,
Putin-Regimes,,,,,,
Glättegefahr,,,,,,
Winterlücke,,,,,,
Irlands,,,,,,
Gasimporteur,,,,,,
Ho,,,,,,
Rohstoffgeschäfte,,,,,,
Tagebau Garzweiler,,,,,,
Süddeutschland,,,,,,
Genf,,,,,,
Amsterdam,,,,,,
Gasverbrauchs,,,,,,
Wowtschansk,,,,,,
Grossbritannien,,,,,,
Ru,,,,,,
Oberösterreich,,,,,,
Republik,,,,,,
Irkutsk,,,,,,
EU-Gipfels,,,,,,
Vor-Corona-Niveau,,,,,,
Pfungstädter,,,,,,
Vorarlberg,,,,,,
Franken,,,,,,
Schöneiche,,,,,,
Kassel,,,,,,
seid,,,,,,
Mecklenburgische Seenplatte,,,,,,
Prigoschin,,,,,,
Corona-Jahren,,,,,,
Tschuwaschien,,,,,,
Klimaabgabe,,,,,,
Sta,,,,,,
Landkreis Dachau,,,,,,
Ansbach,,,,,,
Landesamt für Statistik,,,,,,
Amerikas,,,,,,
Nowosibirsk,,,,,,
Au,,,,,,
br.de,,,,,,
Rus,,,,,,
Essen,,,,,,
Gladbacher,,,,,,
WEB.DE News,,,,,,
Biden,,,,,,
Schuldfragen,,,,,,
Regensburg,,,,,,
Offenbach,,,,,,
Mecklenburg-Vorpommerns,,,,,,
Chisinau,,,,,,
Rostock,,,,,,
Klimahölle,,,,,,
Tiroler,,,,,,
Landkreis,,,,,,
Georgiens,,,,,,
Tiflis,,,,,,
Islamabad,,,,,,
Fürstenfeldbruck,,,,,,
M,,,,,,
Deutschland-Tempo,,,,,,
G7-Staaten,,,,,,
Thüringer Wald,,,,,,
Ortenaukreis,,,,,,
Neukölln,,,,,,
Darmstadt,,,,,,
Bachmut +++,,,,,,
Dividendenverbot,,,,,,
Chemiedreieck,,,,,,
Dürresommer,,,,,,
Bundesaußenministerin,,,,,,
Klima-Podcast,,,,,,
Südamerika,,,,,,
Haidach,,,,,,
Schloss Elmau,,,,,,
Konsumklimas,,,,,,
deutsche Regierung,,,,,,
Bamberg,,,,,,
Teuerungswelle,,,,,,
Weiße Haus,,,,,,
Sunak,,,,,,
Eon-Chef,,,,,,
Energie-Produktion,,,,,,
Altöttinger,,,,,,
Burghauser Forst,,,,,,
Dorfen,,,,,,
Statistische Landesamt,,,,,,
Ibiza,,,,,,
Statistische Bundesamt am Freitag,,,,,,
Atlantik,,,,,,
Energie Steiermark,,,,,,
Transnistrien,,,,,,
BVG,,,,,,
Krisenwinter,,,,,,
Taiwans,,,,,,
Castrop-Rauxel,,,,,,
Slowenien,,,,,,
russi,,,,,,
Franzosen,,,,,,
…,,,,,,
Bregenz,,,,,,
Bad Tölz,,,,,,
Lenggries,,,,,,
Graz,,,,,,
Tankerstau,,,,,,
Krim-Annexion,,,,,,
Rom +++,,,,,,
Nagelsmann-Nachfolger,,,,,,
Wasserstoffspeicher,,,,,,
Ha,,,,,,
Sauerlach,,,,,,
Pipeline Druschba,,,,,,
Hausbesitzer,,,,,,
Heizungscheck,,,,,,
Rhein,,,,,,
Meseberg,,,,,,
Stockholm,,,,,,
Energiepreis-Schock,,,,,,
Affiliate-Links,,,,,,
W,,,,,,
Leermeister,,,,,,
Ukraine ++,,,,,,
Jemens,,,,,,
Hause,,,,,,
Minister Habeck,,,,,,
Winte,,,,,,
Schwerin,,,,,,
Ampelregierung,,,,,,
Brauneck-Bergbahn,,,,,,
Bitcoin-Newsblog,,,,,,
Entwarnung,,,,,,
Patriot-System,,,,,,
G7,,,,,,
Nachri,,,,,,
Daimler-Truck-Chef,,,,,,
Luhansk +++ Strack-Zimmermann,,,,,,
Solaranlagen-Kosten,,,,,,
Ökostrom-Produktion,,,,,,
Australier,,,,,,
Forstenrieder Park,,,,,,
Sellin,,,,,,
Nord-Stream-Lecks,,,,,,
Großbritanniens,,,,,,
Kampfpanzer-Debatte,,,,,,
Milliardenzahlungen,,,,,,
Salzburger,,,,,,
R,,,,,,
Wäldern,,,,,,
Stadt Mariupol,,,,,,
Münchnern,,,,,,
Flachau,,,,,,
Verfassungsgericht,,,,,,
peuu,,,,,,
Hochhaus von der Ukraine,,,,,,
Ungarns,,,,,,
Ukrainer,,,,,,
Deutsche Bundesanwaltschaft,,,,,,
Wirtschaftsministerium,,,,,,
Myanmar,,,,,,
Versailles,,,,,,
Flughafen Hamburg,,,,,,
OPEC+,,,,,,
Kosovo,,,,,,
Bundeswirtschaftsministeriums,,,,,,
Molln,,,,,,
Rotem Platz,,,,,,
Bürokratenhölle,,,,,,
Freistaates,,,,,,
Gilching,,,,,,
Ratgeber-Ticker,,,,,,
Pipeline-Lecks,,,,,,
Oberpfalz,,,,,,
Ostsee-Gaspipelines,,,,,,
Duisburger,,,,,,
EU-Außenminister,,,,,,
Wagner-Kämpfer,,,,,,
Preisanstiegen,,,,,,
Lawrow,,,,,,
Weltstrafgericht,,,,,,
Infarm,,,,,,
Haag,,,,,,
Windkraft-Ausbau,,,,,,
Erneubaren,,,,,,
Wirtschaftsstabilisierungsfonds,,,,,,
Brandenburger,,,,,,
Transport-Verlauf,,,,,,
Pankow,,,,,,
Strafgerichtshof,,,,,,
Nordamerika,,,,,,
MiG-Kampfjets,,,,,,
Heizwende,,,,,,
Straß,,,,,,
Prager,,,,,,
Abwehrwaffen,,,,,,
Lappland,,,,,,
Bloß,,,,,,
Internationalen Strafgerichtshofs,,,,,,
Ölkonzernen,,,,,,
Maisach,,,,,,
Gasspeicher-Füllstand,,,,,,
Gemeinde,,,,,,
Japaner,,,,,,
Energieaktien,,,,,,
bayerischen Landtag,,,,,,
Mega-Streik,,,,,,
Zukunt der Computer,,,,,,
rot-grün-gelben,,,,,,
Iraker,,,,,,
Küste,,,,,,
Panzer-Poker,,,,,,
Atom-Mythen,,,,,,
Lwiw,,,,,,
Embargos,,,,,,
Baustelle für Gaspipeline,,,,,,
E-Control,,,,,,
Bayern-Frauen,,,,,,
Klimaökonom Edenhofer,,,,,,
Cherson +++,,,,,,
Alaska-Seelachs,,,,,,
Mailänder,,,,,,
B,,,,,,
Raketeneinschlags,,,,,,
Ukraine-Update,,,,,,
Energiepauschale,,,,,,
Lyman,,,,,,
Schwarzwald-Baar-Kreis,,,,,,
Alpaka-Wolle,,,,,,
Woran,,,,,,
Villach,,,,,,
Diakonie Oberland,,,,,,
Bündnisses,,,,,,
Deu,,,,,,
Nowaja Gaseta,,,,,,
Kabul,,,,,,
Holzklau,,,,,,
Bagdad,,,,,,
Deutschlands Gasspeicher-Füllstand,,,,,,
Bremer,,,,,,
Raketeneinschlag,,,,,,
Bundesfinanzministerium,,,,,,
Wales,,,,,,
Possad-Pokrowske,,,,,,
Wintersturm,,,,,,
Berliner Verwaltung,,,,,,
Münster,,,,,,
Europ,,,,,,
Königreich,,,,,,
Weltwetterorganisation,,,,,,
Sieg,,,,,,
Warme,,,,,,
Gasspeicher-Füllstände,,,,,,
Heiligengeistfeld,,,,,,
Nordseeinsel,,,,,,
Eisenstadt,,,,,,
Aserbaidschan,,,,,,
polnische Regierung,,,,,,
Oleksii Makeiev,,,,,,
Syriens,,,,,,
Bundesumweltministerium,,,,,,
Heide,,,,,,
US,,,,,,
Estlands,,,,,,
Wiener Netze,,,,,,
Penzberger,,,,,,
Ukraine-Kontaktgruppe,,,,,,
Sa,,,,,,
Dachau,,,,,,
Stadt Potsdam,,,,,,
Rhein-Main-Region,,,,,,
Kempten,,,,,,
Allgäu,,,,,,
Glasgow,,,,,,
Sinken,,,,,,
Erlangen,,,,,,
Cottbus,,,,,,
Kreml-Gelände,,,,,,
Gas-Lecks,,,,,,
Dublin,,,,,,
Sabotage-Verdacht,,,,,,
Nato-Staaten,,,,,,
Kyjiw,,,,,,
Hallein,,,,,,
Blackout,,,,,,
Makijiwka,,,,,,
Seeheimer Kreis,,,,,,
Wi,,,,,,
Militärblogger,,,,,,
Marokkaner,,,,,,
Sylt,,,,,,
Scharm el-Scheich,,,,,,
Gasterminals,,,,,,
Heizfehler,,,,,,
Afghanistans,,,,,,
Halbherziger,,,,,,
Wohnungsbrände,,,,,,
Kopernikus-Projekt Ariadne,,,,,,
Roten Platz,,,,,,
Coup,,,,,,
Lohn-Preis-Spirale,,,,,,
West,,,,,,
Erdbeben in der Türkei,,,,,,
Schlachtfeld,,,,,,
Elektro-Bastler,,,,,,
Belgiens,,,,,,
Weißer Staat,,,,,,
niederländischen Verteidigungsministeriums,,,,,,
F-16-Kampfflugzeugen,,,,,,
Katars,,,,,,
Nahrungsmittelkrisen,,,,,,
EU-Label,,,,,,
Prenzlauer Berg,,,,,,
Bad Füssing,,,,,,
New-Start-Atomwaffenvertrag,,,,,,
Winterwelle,,,,,,
Brandenburger Tor,,,,,,
Schnellcheck,,,,,,
Flensburger,,,,,,
Südens,,,,,,
Südostasien,,,,,,
Kherson,,,,,,
Gdansk,,,,,,
Händlern,,,,,,
Russlands Einmarsch,,,,,,
Pixabay,,,,,,
Kriegsbeginns,,,,,,
Finanzchaos,,,,,,
deutschen Staat,,,,,,
Salzburger Land,,,,,,
Unsplash,,,,,,
Georgier,,,,,,
Statistischen Bundesamt,,,,,,
Weltcup-Kalenders,,,,,,
Corona-Winter,,,,,,
Public Domain,,,,,,
Grimma,,,,,,
EU-Kollegen,,,,,,
gt;&gt;iOS&lt;&lt;&lt;/div&gt,,,,,,
Ukraine-News ++ Selenskyj,,,,,,
Sowjetrepublik Moldau,,,,,,
Brüssels,,,,,,
Kuba,,,,,,
Kabinettsklausur,,,,,,
britischen Regierung,,,,,,
Russlands Wagner-Truppe,,,,,,
Russlands Raketen-Terror,,,,,,
Scholz-Rede,,,,,,
Kärnten,,,,,,
Stein,,,,,,
Kachelöfen,,,,,,
Italiener,,,,,,
Attacke-Interview,,,,,,
Pipeline-Öl,,,,,,
Amazonasgebiet,,,,,,
Chelsea,,,,,,
Harz,,,,,,
Oman,,,,,,
Marburg,,,,,,
Moskau-Connection,,,,,,
Deutschlandweit,,,,,,
Selenskyj-Berater,,,,,,
Amapá,,,,,,
Ölriese,,,,,,
Potsdam-Institut für Klimafolgenforschung,,,,,,
Nowa Kachowka,,,,,,
Karnevals-Wochenende,,,,,,
Die USA,,,,,,
Gas-Pipelines,,,,,,
Demokratische Republik Kongo,,,,,,
Küste von,,,,,,
Kiel,,,,,,
Kinshasa,,,,,,
Rosatom,,,,,,
Schottland,,,,,,
Energielieferant Norwegen,,,,,,
Rekord-Inflation,,,,,,
Wolfsburg,,,,,,
Quasi-Heiztauschpflicht,,,,,,
Bangkok,,,,,,
Mittwoch,,,,,,
Pfungstadt,,,,,,
Petrobras,,,,,,
Bayerischen Staatsoper,,,,,,
Landkreis Fürth,,,,,,
Darfur,,,,,,
Sudan,,,,,,
luxuriösen Präsidentenresidenz,,,,,,
Lambertz,,,,,,
Autobahn A8,,,,,,
fränkischen Stadt,,,,,,
Beitostölen,,,,,,
Kahn,,,,,,
Göppingen,,,,,,
Logistikanbieter,,,,,,
Nowo-Ogarjowo,,,,,,
Montafon,,,,,,
Schojgu,,,,,,
Zarendorf,,,,,,
Berghülen,,,,,,
Euromaidan,,,,,,
Wanzka,,,,,,
Musikfestival Rock im Park,,,,,,
Elfmeter-Drama,,,,,,
Lebensabfällen,,,,,,
Eiffelturm,,,,,,
Weyarn,,,,,,
Tausenden Wärmestuben,,,,,,
Mixed-Staffelrennen,,,,,,
Kreuz München Süd,,,,,,
Gaisberg,,,,,,
Houston,,,,,,
Airdrop-Funktion,,,,,,
Helmholtz-Zentrum,,,,,,
Westdeutschland,,,,,,
europäischen Minimalsatz,,,,,,
Stadt Düsseldorf,,,,,,
Gast,,,,,,
Klimafront,,,,,,
Baden-Baden,,,,,,
alleinlassen,,,,,,
Otto,,,,,,
Dauerkrisenmodus,,,,,,
Melitopol,,,,,,
Konsumlaune,,,,,,
Schweizer Gebirge,,,,,,
Wind-Atlas,,,,,,
Dnipro-Ufer,,,,,,
Oberndorf,,,,,,
Te,,,,,,
Deutsc,,,,,,
Sparmodus,,,,,,
Spahn,,,,,,
Kenya,,,,,,
Bundesamt für Katastrophenhilfe,,,,,,
Gesprächskanal,,,,,,
Gasbedarfs,,,,,,
Katastrophenschützer,,,,,,
Russla,,,,,,
Vier-Tage-Woche,,,,,,
Japanerin,,,,,,
Gladbachs,,,,,,
Start-up-Labor,,,,,,
Unterseekabel,,,,,,
Preußens,,,,,,
Atomstrom,,,,,,
Herstellerebene,,,,,,
Wetteraukreis,,,,,,
Si,,,,,,
griechische Regierung,,,,,,
São Paulo,,,,,,
Sabotieren,,,,,,
Russlands Lieferstopp,,,,,,
Bundesamtes für Bevölkerungsschutz,,,,,,
Wasserstoffnetzes,,,,,,
Provisions-Links,,,,,,
Kommunen,,,,,,
Heatle,,,,,,
Russlandexperte,,,,,,
Milliardeneinbußen,,,,,,
Newstic,,,,,,
Statistische Bundesamt am Donnerstag,,,,,,
Bad Bramstedt,,,,,,
Titisee-Neustadt,,,,,,
Bitahleten,,,,,,
Universal,,,,,,
Großraum London,,,,,,
Neubiberg,,,,,,
Inflationszahlen,,,,,,
Offshore-Firmen,,,,,,
Offshore-Windparks,,,,,,
Bundesamt,,,,,,
Ukrainischer,,,,,,
Wuppertal,,,,,,
Inflationswelle,,,,,,
New York City,,,,,,
British Columbia,,,,,,
Kasachstans,,,,,,
Falkensee,,,,,,
Zwickau,,,,,,
Dec,,,,,,
besorgniserre,,,,,,
Südostasiens,,,,,,
Düsseldorf Italiens,,,,,,
Frankfurt am Main,,,,,,
Öl-Raffinerie PCK,,,,,,
Piscine Global Europe,,,,,,
Tabellensiebte,,,,,,
Katharinenkirche,,,,,,
südafrikanischen Regierung,,,,,,
Dax,,,,,,
Bundeslands,,,,,,
Seleção,,,,,,
Putin-Versteher,,,,,,
Dschidda,,,,,,
Haus & Grund Deutschland,,,,,,
Staatswald,,,,,,
Turin,,,,,,
Ohmstraße,,,,,,
Weissrussland,,,,,,
Neuried,,,,,,
Hongkong,,,,,,
Ottobrunn,,,,,,
Ottobrunner Eisstadion,,,,,,
Frauenneuharting,,,,,,
Allianz Arena,,,,,,
Tampere,,,,,,
Palästinensern,,,,,,
Bremen-Huchting,,,,,,
Preis-Erhöhungen,,,,,,
Gazastreifen,,,,,,
Landesamt für Bergbau,,,,,,
Russland +++ Scholz,,,,,,
Meross,,,,,,
Gebiet Belgorod,,,,,,
Nachberechnungen,,,,,,
Final-Gegner,,,,,,
Ukraine-News +++ Moskau,,,,,,
Alpin-Events,,,,,,
US-Bürger,,,,,,
Strom-Preisbremse,,,,,,
Antiteuerungspaket,,,,,,
Energiekriese,,,,,,
Ölbohrung,,,,,,
Amazonas,,,,,,
Nordostpassage,,,,,,
Bombenschutzkellern,,,,,,
saarländischen Landtag,,,,,,
Donau,,,,,,
Ottawa,,,,,,
Porto,,,,,,
Holodomor-Resolution,,,,,,
Abgewickelt,,,,,,
Jahresverbrauchs,,,,,,
Asiaten,,,,,,
Wetterlage im Ticker,,,,,,
überzeugt</li><li,,,,,,
Heizkraftwerk Süd,,,,,,
Erdgasimporten,,,,,,
Brüssel Europa,,,,,,
Treibhausgasausstoßes des Landes,,,,,,
Bundesregierung Klinken,,,,,,
Frankreichs Regierung,,,,,,
Deutschlands Gas-Deal,,,,,,
Lochau,,,,,,
Bodenseeufer,,,,,,
Allerheiligen Hofkirche,,,,,,
Glühwein-Saison,,,,,,
Warme Würze,,,,,,
Highgate,,,,,,
Benlpekteup,,,,,,
Russland-Anteil,,,,,,
Neuköllner,,,,,,
Wahrheit-Verbrauchertipp,,,,,,
Ukraine-Front,,,,,,
U,,,,,,
Küstennähe,,,,,,
Armutsbetroffene,,,,,,
Belugawal,,,,,,
Kremltruppen,,,,,,
Hawaiianischen Big Island,,,,,,
Drohnenattacken,,,,,,
Gütersloh,,,,,,
EU-Ölpreisdeckel,,,,,,
Tirana,,,,,,
Northvolt-Konzern,,,,,,
China-Abhängigkeit,,,,,,
Mauna Loa,,,,,,
Potsdamer,,,,,,
Gotteshäusern,,,,,,
Russlands +++ Russland,,,,,,
Richtwertmieten,,,,,,
Umweltminist,,,,,,
Wind-Pyramide,,,,,,
Hochtemperaturwärme,,,,,,
Heizmethode,,,,,,
Dachauer,,,,,,
Warme Pullover,,,,,,
Gefangenenaustausch,,,,,,
AKW Saporischschja +++ Ukraine,,,,,,
Smolensk,,,,,,
Deutschlan,,,,,,
Entwic,,,,,,
Wochenvergleich,,,,,,
Alba Berlin,,,,,,
Play-off-Halbfinale,,,,,,
Vager Ausblick,,,,,,
Neu-Delhi,,,,,,
Certo,,,,,,
Abrüstungsabkommen,,,,,,
Auswärtiges Amt,,,,,,
Eisbahn,,,,,,
Streetart-Künstlers Banksy,,,,,,
Leisten,,,,,,
Ost-Ukraine,,,,,,
Öl-Preisdeckel,,,,,,
Propaganda-Show,,,,,,
Kruger-Nationalpark,,,,,,
Ukraine +++ Grüne,,,,,,
Mukran,,,,,,
Bachmut +++ Putin,,,,,,
Kreml Kiew,,,,,,
Bidens,,,,,,
Konzerthaus Dortmund,,,,,,
Vergewaltigungen,,,,,,
Brexit,,,,,,
Weßling,,,,,,
Thüringer Inklusionsmonitor,,,,,,
Ukraine-Konfliktes,,,,,,
Russische Bürger,,,,,,
Friedensgefasel,,,,,,
Enerhodar,,,,,,
Niederösterreicherinnen,,,,,,
Coronazahlen,,,,,,
Titelkurs,,,,,,
Tiefausläufers Kälte und Glätte,,,,,,
US-Dominanz,,,,,,
Prilepin,,,,,,
Potsdamer Bohrplatz,,,,,,
Regionalliga-Derbys,,,,,,
Bundesliga-Profis,,,,,,
Tierbestattungen,,,,,,
Ruhrpott,,,,,,
Tierhäuser,,,,,,
Schwedin,,,,,,
Bilohoriwka,,,,,,
proeuropäische Regierung,,,,,,
Oriental Mindoro,,,,,,
Krem,,,,,,
Tel Aviv,,,,,,
Manila,,,,,,
Alaskas,,,,,,
Bayern-Bossen,,,,,,
den Niederlanden,,,,,,
Wetterpanorama,,,,,,
Wohlstands-Paradies,,,,,,
Fernwärmbremse,,,,,,
Belgier,,,,,,
Sachsen-Anhalts,,,,,,
Russische Duma,,,,,,
Stadt Kramatorsk,,,,,,
Kramatorsk +++,,,,,,
Absurdistan,,,,,,
Lübeck,,,,,,
Mikolaijev,,,,,,
Neuer-Beben!,,,,,,
Aramco,,,,,,
Flughafen Hahn,,,,,,
Cisowo,,,,,,
MH17,,,,,,
Straußdorf,,,,,,
Atteltal,,,,,,
Grafing,,,,,,
Wiener Becken,,,,,,
Reisen,,,,,,
EU-Ländern,,,,,,
Tbilissi,,,,,,
Dauer-Alarmbereitschaft,,,,,,
Militärflugplatz Hahn,,,,,,
Wolga,,,,,,
Ukraine-Äußerungen +++,,,,,,
Mietausfallrisiko,,,,,,
Catering-Firmen,,,,,,
Selenski-Besuch,,,,,,
Ökostrom-Ziele,,,,,,
Tournai,,,,,,
Schleswig-Holsteins,,,,,,
Kommungen,,,,,,
Huberer Weiher,,,,,,
Rage,,,,,,
Putin-Besuch,,,,,,
Spargelstechen,,,,,,
Fa,,,,,,
Tirols,,,,,,
Danziger,,,,,,
Loisach-Isar-Kanal,,,,,,
Bayernwerk Natur,,,,,,
Musiala,,,,,,
Skiunfällen,,,,,,
Microsoft-Dienste,,,,,,
Berli,,,,,,
Lavanttal,,,,,,
U.S.,,,,,,
Monschau-Höfen,,,,,,
Monschau,,,,,,
Straßenbauamt,,,,,,
Kuwaits,,,,,,
Isenbrücke,,,,,,
Stadions,,,,,,
Transatlantiker,,,,,,
Speicheranlage Rehden,,,,,,
Moornutzungen,,,,,,
Heizkellern,,,,,,
Phosphorbomben,,,,,,
Kreis Diepholz,,,,,,
Franzose,,,,,,
Ballettfestwoche,,,,,,
Stadtwerke Wuppertal,,,,,,
Massing,,,,,,
Mariupol +++,,,,,,
Bay,,,,,,
Schwabens,,,,,,
US-Ölriese Exxon,,,,,,
Ukraine +++ Belgien,,,,,,
Industrierechner,,,,,,
Kampfjetdebatte +++ Bundeskanzler,,,,,,
Gemeinde Taufkirchen,,,,,,
Harvard-Ökonom,,,,,,
Kriegsangst,,,,,,
Investmentchancen,,,,,,
Bayerischen Landtag,,,,,,
Chipfabrik,,,,,,
Nebel,,,,,,
Total,,,,,,
Ölheizung</li><li,,,,,,
Berchtesgaden,,,,,,
Wachstumsverluste,,,,,,
Brjansk Terror,,,,,,
City,,,,,,
Landkreis Börde,,,,,,
Salzlandkreis,,,,,,
Planica,,,,,,
Lo,,,,,,
Geheimtraining,,,,,,
Corona-Schutzverordnungen,,,,,,
Holländer,,,,,,
Z,,,,,,
Paris Saint-Germain,,,,,,
Bundesliga-Spieltag,,,,,,
Söder-Schule,,,,,,
Villa Stuck,,,,,,
Giesinger Poesieboten,,,,,,
höber,,,,,,
Klimafreundliche Heiztechnologien,,,,,,
Topspielen,,,,,,
Rostocker,,,,,,
Ölaktien,,,,,,
Neuschnee,,,,,,
Po,,,,,,
Sauerland,,,,,,
Osteuropäern,,,,,,
Getreideexports,,,,,,
Leoparden,,,,,,
Volksrepublik Russland,,,,,,
Glätteunfälle,,,,,,
Spezialoperation,,,,,,
Kanadier,,,,,,
Ost-Ausschuss,,,,,,
Atomwaffen-Obergrenze,,,,,,
Erzbistum München,,,,,,
Fosen,,,,,,
Bayern-Fan,,,,,,
Haie,,,,,,
Tschechische Republik,,,,,,
Bad Lauchstädt,,,,,,
Bernburg,,,,,,
Sprühregen,,,,,,
Ismaning,,,,,,
Zuger,,,,,,
EU-Land Rumänien,,,,,,
Erdinger Innenstadt,,,,,,
Greifswald,,,,,,
Fo,,,,,,
Hofbräuhaus,,,,,,
Einfamilienhaus,,,,,,
Flughafen München,,,,,,
Vuhledar,,,,,,
laif,,,,,,
Gashandel,,,,,,
Oberhof,,,,,,
Vilnius,,,,,,
Nachbarland Moldau,,,,,,
Stadtwerke Fürstenfeldbruck,,,,,,
Kanadas,,,,,,
Ölbranche,,,,,,
Marienpark,,,,,,
Zenit,,,,,,
Karibik,,,,,,
Infrastruktur-Firmen,,,,,,
Statistische Landesamt am Montag,,,,,,
Westukraine,,,,,,
Zahlungsstörungen,,,,,,
Ampel-Bündnis,,,,,,
Schloss Meseberg,,,,,,
Nordwest Syriens,,,,,,
Norditalien,,,,,,
Gardasee,,,,,,
Hawaii,,,,,,
Alabama,,,,,,
Nürnberger Messe,,,,,,
Walker County,,,,,,
Mallorca,,,,,,
Wetter-Ticker,,,,,,
Minus-Temperaturen,,,,,,
US-Inflationsrate,,,,,,
EU-Sanktionsliste,,,,,,
Niederbayern,,,,,,
Polit-Spektakel,,,,,,
Panzerfrage,,,,,,
WM-Latten,,,,,,
Luxusbranche,,,,,,
Sanierungszwang,,,,,,
Stadtwerke-Kunden,,,,,,
Abwrackprämien,,,,,,
Ruins,,,,,,
Terminkontrakt,,,,,,
Merkur.de,,,,,,
Großmarkt,,,,,,
Gelsenkirchen,,,,,,
Schwarzen Meer +++ Erdogan,,,,,,
Drohnenattacke,,,,,,
Hotel,,,,,,
Landkreis Erie County,,,,,,
Mini-Windräder,,,,,,
Vilsbiburg,,,,,,
Macron,,,,,,
Raffineriemarge,,,,,,
Winter-Rabattaktionen,,,,,,
Lyon,,,,,,
Jupiter,,,,,,
Pentagon-Leaks,,,,,,
Berdjansk,,,,,,
Lieferkettenprobleme,,,,,,
Energiepreisexplosion,,,,,,
Wolkenmix,,,,,,
Sanierungspauschalen,,,,,,
Hamburgs Arbeitsagenturchef,,,,,,
nw.de-Liveblog,,,,,,
Malmendier,,,,,,
Bundesbankchef Nagel und Wirtschaftsweise,,,,,,
Corona-Welle,,,,,,
Jena,,,,,,
Breisgauer,,,,,,
Straßencafé,,,,,,
Durban,,,,,,
Silvesterwochenende,,,,,,
Donezker,,,,,,
NurPhoto,,,,,,
Bad Dürrheim,,,,,,
Öfingen,,,,,,
Helsinki,,,,,,
Energie-Schock,,,,,,
Talbach,,,,,,
Dauerfrost,,,,,,
US-Reporter,,,,,,
Luftalarm,,,,,,
dänischen Grenze,,,,,,
Justizvollzugsanstalt Burg,,,,,,
Parma,,,,,,
Burg,,,,,,
Halle-Attentäter,,,,,,
Pumpspeicherkraftwerk Vianden,,,,,,
Karuizawa,,,,,,
Freistaat Fahrt,,,,,,
Bundesliga-Hit,,,,,,
IT-Riese,,,,,,
New Yorker,,,,,,
Rohstoffbedarfs,,,,,,
Raffinerie Schwedt,,,,,,
Stinkfrucht,,,,,,
Würzburg,,,,,,
Les Bleus,,,,,,
Industriestandorts Schwedt,,,,,,
Bergtunnel,,,,,,
Wüste,,,,,,
Schnee,,,,,,
Spittal,,,,,,
Wohnviertel,,,,,,
Altstadt,,,,,,
Nowomoskowsk,,,,,,
Minus,,,,,,
Thüringer Landesregierung,,,,,,
Haus Menschen,,,,,,
Oblast Saporischschja,,,,,,
Traditionsessen,,,,,,
Gasverbräuche,,,,,,
Stadt Slowjansk,,,,,,
Pfistermühle,,,,,,
Bachmut +++ Russland,,,,,,
Alpenraum,,,,,,
Slowiansk,,,,,,
Washington +++ Belarus,,,,,,
Russland +++ Schweiz,,,,,,
US-Leaks,,,,,,
Oldenburg,,,,,,
Hessen Forst,,,,,,
Ross Island,,,,,,
"Gas""-Bonus",,,,,,
Kreuzwegprozession,,,,,,
Wiener Platz,,,,,,
Inflationsgeld,,,,,,
Schonach,,,,,,
Hinterzarten,,,,,,
Windrädern auf See,,,,,,
Halle 4,,,,,,
Tourismusmesse CMT,,,,,,
Nieder,,,,,,
Tripolis,,,,,,
Fußball-Deutschland,,,,,,
Bezirk Kirchdorf,,,,,,
Phrasenmäher,,,,,,
Kurden,,,,,,
Davoser Bergen,,,,,,
Energiepreisfront,,,,,,
Holzpreise,,,,,,
Johnson Controls,,,,,,
Netto-Null-Gebäude,,,,,,
Grossi,,,,,,
Erstgeburt,,,,,,
Ludwigsburg,,,,,,
Fußball-Podcast,,,,,,
Osteuropaexperten,,,,,,
Fridays-Gründerin,,,,,,
Cortina d'Ampezzo,,,,,,
Grazer,,,,,,
Schlottern,,,,,,
Kishida,,,,,,
Aufbruchsignal,,,,,,
Landkreis Würzburg,,,,,,
Paris St. Germain,,,,,,
Bayern-Kracher,,,,,,
Bankenkrise,,,,,,
Kloster Banz,,,,,,
Land Bremsen,,,,,,
Sizilien,,,,,,
Corona-Lockdown,,,,,,
Inflation,,,,,,
Energiehunger,,,,,,
Rüsselsheim,,,,,,
Freistaat Bayern,,,,,,
Kreml-Herrscher,,,,,,
Bezirk Kirchdorf an der Krems,,,,,,
US-Ölriesen,,,,,,
Kopfbälle,,,,,,
Ölkartell,,,,,,
Pipeline Nord Stream 1,,,,,,
Metzgerstheke,,,,,,
Erdgasverbrauch,,,,,,
Volksrepublik Donezk,,,,,,
Flammen-Inferno,,,,,,
Grundversorgungs-Tarifen,,,,,,
Öl-Produktion,,,,,,
russischen Anti-Terror-Komitees,,,,,,
Norweger,,,,,,
Wildpoldsried,,,,,,
Öltürme,,,,,,
Dortmunds,,,,,,
CHANGSHA,,,,,,
Pokal-K.-o,,,,,,
Minsker,,,,,,
Harlaching,,,,,,
Ex-Premier,,,,,,
Medientycoon,,,,,,
Oberallgäuer,,,,,,
Sahara,,,,,,
südamerikanische Land,,,,,,
Obergrashof,,,,,,
Galeria Kaufhof,,,,,,
Nachschubstrecke,,,,,,
Öl,,,,,,
Schnäppchen,,,,,,
Ukraine-Besuch,,,,,,
Statistischen Landesamtes,,,,,,
Tschechen,,,,,,
Wassersportmesse Boot,,,,,,
Windrädern auf dem Land,,,,,,
Photovol,,,,,,
Parallel-Krisen,,,,,,
Allgemeinen,,,,,,
Maubach,,,,,,
Öl-Unfall,,,,,,
Noma,,,,,,
Sicherheitsfragen,,,,,,
Verbots-Plan,,,,,,
Bundesadler,,,,,,
Brüssel +++,,,,,,
Linzer,,,,,,
Energiekosten-Explosion,,,,,,
Landkreises Starnberg,,,,,,
Neustadt bei Coburg,,,,,,
Wetterjahres,,,,,,
Kohlenmonoxid-Leck,,,,,,
europäischen Küste,,,,,,
Elstal,,,,,,
Skihänge,,,,,,
Irsee,,,,,,
Tempo,,,,,,
Atomwaffen-Einsatz,,,,,,
Stadt Zürich,,,,,,
Allgäuer,,,,,,
Extremszenario,,,,,,
Mildes,,,,,,
Pullach,,,,,,
Heizmethoden,,,,,,
Bundesgesundheitsminister Lauterbach,,,,,,
Hanoi,,,,,,
Billigpreisen,,,,,,
Netz +++,,,,,,
Tiwi-Inseln,,,,,,
Benzin-,,,,,,
Schlossgemächern,,,,,,
Tausende,,,,,,
Erdgas-Ressourcen,,,,,,
Nahverkehrsticket,,,,,,
Gaspreisebremse,,,,,,
Elbsandsteingebirges,,,,,,
VAE,,,,,,
Sentix-Investmentbarometer,,,,,,
Gaspreis-Explosion,,,,,,
Saudiarabien,,,,,,
Lieferkürzungen,,,,,,
Saltiwka,,,,,,
Klimt-Gemälde,,,,,,
Wirt­schafts­ver­tre­te­r,,,,,,
Kohleausstiegs,,,,,,
Scharm el Scheich,,,,,,
Lanz,,,,,,
Pipelinebau,,,,,,
Neuss,,,,,,
Indus,,,,,,
Netzleitzentrale,,,,,,
Schachtarsk,,,,,,
Fe,,,,,,
Mengen,,,,,,
Pipeline Nord Stream 2,,,,,,
Fl,,,,,,
Britische Regierung,,,,,,
Heizungsalternativen,,,,,,
Schuldenstaaten,,,,,,
Stark,,,,,,
Sparanreiz,,,,,,
rÃ¤t,,,,,,
Trigema-Boss,,,,,,
Unterföhring,,,,,,
Charkiws,,,,,,
La Niña,,,,,,
Gas-Austritt,,,,,,
Energiepreisbremse,,,,,,
Braunkohle-Kraftwerksblöcke,,,,,,
Mi,,,,,,
IEA-Chef,,,,,,
A,,,,,,
russischen Staat,,,,,,
Lech Zürs,,,,,,
Sharm El-Sheikh,,,,,,
Süde,,,,,,
Lissabon,,,,,,
Regenwälder,,,,,,
Spitzbergen,,,,,,
Wirtschaftsministers,,,,,,
Preiszonen,,,,,,
Nord-Länder,,,,,,
Pol,,,,,,
Verbraucherp,,,,,,
Türabdichtungen,,,,,,
Sitzheizungen,,,,,,
Stromlücke,,,,,,
Rot-Grün,,,,,,
großen Inflationskrise,,,,,,
Kretschmann,,,,,,
Nord Stream-Leitungen,,,,,,
Kopenhagen,,,,,,
Mitteldeutschland,,,,,,
österreichischen Grenze,,,,,,
Jobverlusten,,,,,,
Österr,,,,,,
Ländle,,,,,,
Bahn-Sabotage,,,,,,
Bundesbank-Präsident,,,,,,
Übersee,,,,,,
deutschen Küste,,,,,,
Grimsel,,,,,,
Kreta,,,,,,
Bezirken,,,,,,
Tallinn,,,,,,
FOCUS-online-,,,,,,
Vielerorts,,,,,,
Kärntner,,,,,,
LNG,,,,,,
Neuverschuldungen,,,,,,
Reich,,,,,,
Gasspeicherverband,,,,,,
Kambodscha,,,,,,
Pennsylvania,,,,,,
Institute for the Study of War,,,,,,
Bosnien und Herzegowina,,,,,,
Schäftlarn,,,,,,
Metro-Rolltreppen,,,,,,
Dodik,,,,,,
Midterms,,,,,,
Nordländer,,,,,,
Ostsee-Gaspipelines +++ NATO,,,,,,
Gasbohrungen,,,,,,
Ko,,,,,,
Ostbeauftragter,,,,,,
Gaskommission,,,,,,
Nordeuropa,,,,,,
Ölradiator,,,,,,
Wustermark,,,,,,
Pipeline,,,,,,
Namibia,,,,,,
Windrädern an Land,,,,,,
Energiekrieg,,,,,,
Pr,,,,,,
Flächenausweisungen,,,,,,
Nord Stream-Pipelines,,,,,,
Chinesen,,,,,,
Lech,,,,,,
Lula,,,,,,
Energienot,,,,,,
Getreideabkommens,,,,,,
Golf von Oman,,,,,,
Energie-Aktien,,,,,,
Bergbahnbetreiber,,,,,,
Bärenpark,,,,,,
Gas-Schock,,,,,,
Temperatureinflüsse,,,,,,
Przewodów,,,,,,
Abstandsregeln,,,,,,
Reeperbahn,,,,,,
Wechselduschen,,,,,,
Erkelenz,,,,,,
Bexbach,,,,,,
Mittelfranken,,,,,,
Eastmed-Pipeline,,,,,,
Hafenterminal,,,,,,
Län,,,,,,
Baden-Württembergs,,,,,,
Energiegeld,,,,,,
Rekordmenge,,,,,,
Rhein-Main,,,,,,
Tankrabatt,,,,,,
Gasmangel,,,,,,
Winter-Vorboten,,,,,,
Grunewald,,,,,,
Ukrainekrieges,,,,,,
Einzelhandelsbranche,,,,,,
Preisschock,,,,,,
Jerusalem,,,,,,
Lieferroute,,,,,,
Schwimmbäder,,,,,,
Balkanroute,,,,,,
IW Kölns,,,,,,
Druschba,,,,,,
Mexiko,,,,,,
Kasseler,,,,,,
Deutscjland,,,,,,
Midcat,,,,,,
Flüssiggas-Tanks,,,,,,
Bautzen,,,,,,
Energiesorgen,,,,,,
Nord-Stream-Leitungen,,,,,,
Gasheizungsverbot,,,,,,
Laufen,,,,,,
Corona-Regeln,,,,,,
Atomkraftwerks Saporischschja,,,,,,
Remscheid,,,,,,
Tromsø,,,,,,
Getreideexporte,,,,,,
Besc,,,,,,
Garzweiler,,,,,,
Polen +++,,,,,,
Herbst-Statement,,,,,,
Gifhorn,,,,,,
Berlinern,,,,,,
schottischen Orkneyinseln,,,,,,
Bund-Länder-Treffen,,,,,,
Asiens,,,,,,
Gasspeicherung,,,,,,
Ene…,,,,,,
Winterthurer,,,,,,
Don,,,,,,
Europäischen Küsten,,,,,,
Ki,,,,,,
katastrophal,,,,,,
Wolfsburgs,,,,,,
Erdgas-Händler,,,,,,
Region Bayerisch-Schwaben,,,,,,
Island,,,,,,
Rhein-Hunsrück-Kreis,,,,,,
Windsfeld,,,,,,
Silicon Valley,,,,,,
Deutsche Oper,,,,,,
Spaniens Küste,,,,,,
Aurora Basecamp,,,,,,
Simmering,,,,,,
Mi­nis­ter­prä­si­den­t,,,,,,
Bundesverfassungsgerichts Windräder,,,,,,
Steiermark,,,,,,
Karlsfelder,,,,,,
Ge,,,,,,
Cloppenburg,,,,,,
Laufz,,,,,,
Südfrankreichs Küste,,,,,,
Mecklenburg-Vorp,,,,,,
Konsumflaute,,,,,,
Landkreistag,,,,,,
Lichtenstein,,,,,,
Mittwoc,,,,,,
MagentaMobil-Tarifs,,,,,,
Ukraine-Flüchtlinge,,,,,,
Paris-Kracher,,,,,,
Fossiles,,,,,,
Amtsgericht München,,,,,,
Björ,,,,,,
Deutschen Landkreistages,,,,,,
Rheingau,,,,,,
Energie-Hilfspaket,,,,,,
ISW,,,,,,
Preisexplosionen,,,,,,
leul,,,,,,
Kiefersfelden,,,,,,
Kabe Van,,,,,,
russischen Regierung,,,,,,
Rekord-Infla,,,,,,
RU,,,,,,
Moskau Putins,,,,,,
Moldaus,,,,,,
Euro-Währungshüter,,,,,,
Bund am Zug,,,,,,
Kiewer Kloster +++,,,,,,
Alaskas Küste,,,,,,
Zullelnuaeu,,,,,,
Unternehmensinsolv,,,,,,
US-Präsidenten,,,,,,
Dänemarks,,,,,,
Steinkohle-Kraftwerke,,,,,,
Gaspreis-Kommission,,,,,,
Krönauer,,,,,,
Wendelstein,,,,,,
Caritas-Verbandes,,,,,,
Cheatham,,,,,,
Gottes,,,,,,
Alarmmodus,,,,,,
Ukrainische Stromexporte,,,,,,
Silicon Valley Bank,,,,,,
Kaukasusland,,,,,,
Ferne,,,,,,
Flughafen Franz Josef Strauß,,,,,,
Kreml am Mittwoch,,,,,,
Getreideabkommens +++,,,,,,
Getreideabkommens +++ Kuleba,,,,,,
Küste des Bürgerkriegslandes,,,,,,
Kampagne,,,,,,
Lahn,,,,,,
Gingen,,,,,,
Heizöl</li><li,,,,,,
Kriegsbilder,,,,,,
Mecklenb,,,,,,
Bachmut +++ Klitschko,,,,,,
Südamerika-Reise,,,,,,
Brain-Drain,,,,,,
Propagandashow,,,,,,
Heizu…,,,,,,
Öl-Pipeline Druschba,,,,,,
GasspeicherIm,,,,,,
Subsahara-Ländern,,,,,,
Zentrum der ukrainischen Hauptstadt,,,,,,
"Ostdeutschland
",,,,,,
spe,,,,,,
Charlottenburg,,,,,,
Suche,,,,,,
Präsizionsraketen,,,,,,
industriellen Süddeutschland,,,,,,
AbhÃ¤ngigkeiten,,,,,,
Tunesien,,,,,,
Energie-Hammer,,,,,,
Silicon Valley Bank-Pleite,,,,,,
Planen,,,,,,
US-Inflationszahlen,,,,,,
Bitterfeld-Wolfe,,,,,,
Braubranche,,,,,,
Militärübungsplatz Pabrade,,,,,,
Bitburger,,,,,,
Paniksommer,,,,,,
Bleklekl,,,,,,
Demmin,,,,,,
Landeshand,,,,,,
Rum,,,,,,
Stromnetz-Geb,,,,,,
Energiedebatte,,,,,,
Severomorsk,,,,,,
Vor-Corona-Jahr,,,,,,
München-,,,,,,
Energieve,,,,,,
Rösrath,,,,,,
Novelis,,,,,,
Höchstwert,,,,,,
N. Hahn.</em,,,,,,
Elsfleth,,,,,,
Kongo,,,,,,
Stell dir,,,,,,
Resnikow,,,,,,
Zlekl,,,,,,
Chemietarifrunde,,,,,,
US-Präsidentschaft,,,,,,
Ministerko,,,,,,
Gazprombank-Konto von Putin-Freund,,,,,,
Thermoelektrische Forsc,,,,,,
Mpeka,,,,,,
Fors… Jean Paul Ikolongo,,,,,,
Limburg,,,,,,
Nachrüstu,,,,,,
Füllstands,,,,,,
Rotterdam,,,,,,
Preisbörse,,,,,,
Verbrennerverbot,,,,,,
Tula +++,,,,,,
Klimasicht,,,,,,
Pelletpreise,,,,,,
Pipelines,,,,,,
weiterg,,,,,,
Adeyemi-Einsatz,,,,,,
Mittelplate,,,,,,
Deuschland,,,,,,
Meinungsforscher,,,,,,
OpenBl,,,,,,
Südbayern,,,,,,
Ladenmieten,,,,,,
Trainerwechseln,,,,,,
Ba,,,,,,
Nord-Stream-2-Pipeline,,,,,,
Tula ++,,,,,,
Winter-Vivern,,,,,,
Plötzlicher,,,,,,
Alzey-Worms,,,,,,
Sofia,,,,,,
Medienwoche,,,,,,
Bundesliga-Gipfeltreffen,,,,,,
Gas-Verteilzentrum,,,,,,
Munitionsproduktion,,,,,,
Schönefeld,,,,,,
Wagner-Häftlinge,,,,,,
Schiffsverband,,,,,,
Tschetscheniens,,,,,,
"russischen Teilrepublik für ""herau",,,,,,
Tschassiw Jar,,,,,,
Packender Meister-Krimi,,,,,,
"BER
",,,,,,
Br,,,,,,
Druschba-Betreiber,,,,,,
Wölfinne,,,,,,
Ligagipfel,,,,,,
Haushal,,,,,,
Stanway,,,,,,
Tuchels Bayern-Gehalt,,,,,,
Gas-Zentrum,,,,,,
Statistischem Bundesamt,,,,,,
Ukraine-Koordinator,,,,,,
Saporischschja +++ ISW,,,,,,
Entwicklungsministerium am Montag,,,,,,
Marriott,,,,,,
Dürre,,,,,,
Russische Freiwilligenrekrutierung,,,,,,
Ölbohrprojekt,,,,,,
Bidens Kehrtwende,,,,,,
Hornbach,,,,,,
Gasanlage Nyhamna,,,,,,
MRC,,,,,,
Niedergailbach,,,,,,
Härtefallhilfen,,,,,,
Armeniens,,,,,,
Wasserwerfer,,,,,,
Klimaschutzgruppen,,,,,,
Moldawiens,,,,,,
Preisauf,,,,,,
Sauerland Winter-Bilanz,,,,,,
internationa,,,,,,
Verschluckt von Putins Staat,,,,,,
Bayern-Besieger,,,,,,
Hoffenheim,,,,,,
Münchner Exzellenz-Cluster,,,,,,
Braun­kohletagebaus Gar,,,,,,
Obi,,,,,,
Widubichi-Kloster,,,,,,
Angola,,,,,,
Fest,,,,,,
Tagesgeldangeboten,,,,,,
Europäische Gaskonferenz,,,,,,
Kehl,,,,,,
Verbraucherlaune,,,,,,
Al­tersvorsorge,,,,,,
Öl-Unfalls,,,,,,
Bedrängnis,,,,,,
Demn,,,,,,
Robert-Koch-Institut,,,,,,
Niedergailbac,,,,,,
Flughafen Hamburg GmbH,,,,,,
Flughafen Hambur,,,,,,
Durchwachs,,,,,,
Euphorie-Bremse,,,,,,
SupermarktIn,,,,,,
E-Fuels,,,,,,
Toom,,,,,,
Jefremow,,,,,,
Passivsolare Gewächshäuser,,,,,,
Habt,,,,,,
Nordische Staaten,,,,,,
Arizon,,,,,,
un…,,,,,,
Weil,,,,,,
Kämpfe,,,,,,
Coronapand,,,,,,
Steigende,,,,,,
Dumpingware,,,,,,
Auswirkun,,,,,,
Thüringer Umw,,,,,,
Oppositi,,,,,,
Ma… Kreml-Angaben,,,,,,
Nationalspi,,,,,,
Ausbildungsunfall,,,,,,
Militärspitze,,,,,,
Co.,,,,,,
Abwehrschirm,,,,,,
Obergailbach,,,,,,
Tälern,,,,,,
Nowji Oskol,,,,,,
Gru…,,,,,,
Ossiachersee,,,,,,
Hafensta,,,,,,
Stammtorwart,,,,,,
Ukrai,,,,,,
Mecklenburg,,,,,,
Oberrhein,,,,,,
österreichi,,,,,,
Landesgebäude,,,,,,
Staatsoper,,,,,,
Ausschließ,,,,,,
Herr DIRK,,,,,,
Moska… We use cookies and data to<,,,,,,
Kampfjet-Lieferung,,,,,,
Schwarzen Meer +++ Slowakei,,,,,,
Bachmut +++ Xi,,,,,,
Moskau-Reporter,,,,,,
Bayern-Chancen,,,,,,
De,,,,,,
Bergluft,,,,,,
Basketball-Europaleague,,,,,,
Alba,,,,,,
Einkaufszentrums Grand Front,,,,,,
Osaka,,,,,,
Treffens,,,,,,
Winter-Ende - Super-Frühling,,,,,,
Pentagon-Hilfe,,,,,,
Ankunftszentrum,,,,,,
Tucson,,,,,,
Schuldenbre,,,,,,
Minijubiläum,,,,,,
US-Militärgarnison,,,,,,
Ukrenerho,,,,,,
Zinsentscheid,,,,,,
Prä,,,,,,
Russland-Lieferungen,,,,,,
Kühlschr,,,,,,
Washingtoner Hotel Fairmont,,,,,,
Schuldenbremse,,,,,,
Energiepolitik-Professor Johan Lilliestam,,,,,,
Sächsischer Schweiz,,,,,,
Zinsspanne,,,,,,
Gipfel-Treffen,,,,,,
Kohleausst,,,,,,
Rei,,,,,,
Kenia,,,,,,
Autobahnausbaus,,,,,,
Reallohnverluste,,,,,,
Atom-,,,,,,
SPD-geführten Bundesb,,,,,,
Kompromisssuche,,,,,,
Heizungsstreit,,,,,,
Roten Rathaus,,,,,,
Kilometerlange Staus,,,,,,
Ste,,,,,,
Zentral,,,,,,
Belarus-Truppen,,,,,,
Friedländer Wiese,,,,,,
Weltklimabericht,,,,,,
Ölheizungsverbot,,,,,,
besetzten Teil der,,,,,,
Credit-Suisse-Krise,,,,,,
Kippunkt Weltklima,,,,,,
Golfstaates,,,,,,
Golfstaats,,,,,,
Thrakien,,,,,,
Ukraine-Liveblog,,,,,,
"ol><li>""Rational",,,,,,
Kita-Gelder des Bundes,,,,,,
Klimaschutzminister,,,,,,
Diskreditierungskampagne,,,,,,
Memorial,,,,,,
Waffen-Frage,,,,,,
Postfach,,,,,,
Niedriglohnkommission,,,,,,
Hotel Hanalei Bay,,,,,,
Schmyhal,,,,,,
Dürre-Sommer,,,,,,
Irkutsk +++,,,,,,
Luftstreitkrä,,,,,,
Perm am Ural,,,,,,
Tankerbau,,,,,,
Energie-Proteste,,,,,,
Samsta,,,,,,
Leitindex Dax,,,,,,
Rich,,,,,,
Schwedt +++ Gasspeicher-Füllstand,,,,,,
Infrastruktur-Aktien,,,,,,
Ramsau,,,,,,
Alpinen,,,,,,
Schloss Schönbrunn e…,,,,,,
Bayern-Angstgegner Gladbach,,,,,,
Alten Försterei,,,,,,
Erdgas-Terminmarkt,,,,,,
Weltskiverbandes,,,,,,
Borussia-Park,,,,,,
Vereinigten Arabischen,,,,,,
Wasserstoff-Zeitalters,,,,,,
Unterfranken,,,,,,
Ukraine-Verbrechen,,,,,,
Freytags-Frage,,,,,,
Motor Sitsch,,,,,,
Energodar,,,,,,
Ökostrom-Kraftwerken,,,,,,
Zirndorfer O,,,,,,
Wiener Hofburg,,,,,,
Liga-Duell,,,,,,
Heizstoffe,,,,,,
auszutauschen</li><li,,,,,,
Hildburghausen,,,,,,
Wintersdorf,,,,,,
Ottakring,,,,,,
Zirndorfer,,,,,,
Energierechtsberatungen,,,,,,
Baukrediten,,,,,,
Kreditausfällen,,,,,,
Elek­troauto,,,,,,
Corona-Maskenpflicht,,,,,,
Neue Regierung,,,,,,
US-Bundesstaat Alabama,,,,,,
Oblast Irkutsk,,,,,,
Stadt Energodar,,,,,,
Famil,,,,,,
Kältespeicher,,,,,,
Wasserstoff-Zeitalter,,,,,,
EUROPA,,,,,,
Poesie-Walks,,,,,,
Ostdeutsche,,,,,,
Fußball-Gremien,,,,,,
GaszählerIn,,,,,,
Marathonverhandlungen,,,,,,
reisen,,,,,,
Emirate,,,,,,
Durchhalteparole,,,,,,
Straßenfasching,,,,,,
Metro,,,,,,
Deutâ€,,,,,,
Adeyemi,,,,,,
Dortmunder Freude,,,,,,
Meisterrennen,,,,,,
Anti-Merkel,,,,,,
E-Autos,,,,,,
New…,,,,,,
Sturm,,,,,,
Polen-Aufenthalt,,,,,,
Kanzler-Basta,,,,,,
Gasspeicherstand,,,,,,
Genehmigungsve,,,,,,
Polizei-Fehler,,,,,,
Ende Gladbach,,,,,,
La N,,,,,,
Energieinsel,,,,,,
Schuld,,,,,,
Decken,,,,,,
U.a,,,,,,
Real-Superstar,,,,,,
Kroos-Aussagen,,,,,,
Zenit St. Petersburg,,,,,,
Wintertransferfenster,,,,,,
Kupferherstellers Aurubis,,,,,,
Medizi,,,,,,
Berlin-Mitte,,,,,,
Reinhards,,,,,,
Tegernsee,,,,,,
Überschaubar,,,,,,
Kaffeetaf,,,,,,
Star-Verteidiger Matthijs de Ligt,,,,,,
Trainingsplatz,,,,,,
elue Feupuutt,,,,,,
Ppel,,,,,,
Iea Bupe Ieunel,,,,,,
Tennengauer,,,,,,
Puch,,,,,,
Tauernautobahn,,,,,,
ba…,,,,,,
Wetterwoche,,,,,,
Champions-League-Kracher,,,,,,
Mariendorfs,,,,,,
Öl-Milliarden,,,,,,
Unfassbare,,,,,,
Flughafen ei,,,,,,
Heizkostenhilfe,,,,,,
Neustrelitz,,,,,,
Pelellp veulae Plnupeu ueek peO,,,,,,
Bochum,,,,,,
Nord-Kliniken,,,,,,
Göring-…,,,,,,
Tiefster,,,,,,
Region Odessa,,,,,,
Kreml-Propaganda,,,,,,
News…,,,,,,
Recherchenetzwerk Bellingcat,,,,,,
Nordstream-Sprengungen,,,,,,
Öko-Landwirtschaft,,,,,,
Mini-Windrad,,,,,,
Zentrum der Aufmerksamkeit,,,,,,
Video-Ansprache,,,,,,
Rewe,,,,,,
Deutschlands Supermärkte,,,,,,
Teltowkanal,,,,,,
Gewerbepark,,,,,,
Petersburger Platz,,,,,,
Geras,,,,,,
Windkraft-Ausbaus,,,,,,
Café Manufaktura Ciasta,,,,,,
gera,,,,,,
Finanzwende,,,,,,
Alexanderplatz,,,,,,
Inflationsgefahren,,,,,,
Popkleidchen,,,,,,
Wind-to-Hydrogen,,,,,,
Toronto,,,,,,
Salzbrocken,,,,,,
Neptune,,,,,,
LubminPipeline-Gas,,,,,,
Fernleitungsnetz,,,,,,
Streikaufrufen,,,,,,
Angriffszielen</li><li,,,,,,
Wasserstoffes,,,,,,
Deutschlands Sonderweg,,,,,,
Energiebörsen,,,,,,
spa…,,,,,,
Rettungschancen,,,,,,
Erdbeben,,,,,,
Wiederholungswahl,,,,,,
Friedrichshain,,,,,,
Verbrenner-Motor,,,,,,
Dresdens,,,,,,
Landkreis Aschaffenburg,,,,,,
Coronaboom,,,,,,
ARD</em>-Interview,,,,,,
Energie-Fragen,,,,,,
Viertelfinalkurs,,,,,,
Abnahmegarantien,,,,,,
De…,,,,,,
Lieber Windrad,,,,,,
Wuhledar,,,,,,
gleichnamigen Stadt,,,,,,
Free-Play-Phasen,,,,,,
Lobby-Pipelines,,,,,,
Importanteilen,,,,,,
Online-Portal,,,,,,
Lawaetzhaus,,,,,,
Altona,,,,,,
Elbchaussee,,,,,,
Verbrenner-Aus,,,,,,
Wasserkur,,,,,,
Bad Wörishofen,,,,,,
Bayern-Ergebnis,,,,,,
Nato-Treffen,,,,,,
Wel…,,,,,,
Braunkohletagebau Garzweiler,,,,,,
Gysi,,,,,,
Flughafen München GmbH,,,,,,
Maxus,,,,,,
Tesla,,,,,,
Reichweitentest,,,,,,
Pepe Reina,,,,,,
Südasien,,,,,,
Ibrahimovic,,,,,,
Arijon,,,,,,
Krankenkas,,,,,,
Unfall-PKW,,,,,,
Balkan,,,,,,
Neunerköpfle,,,,,,
Tannheim,,,,,,
Wachstumslücke,,,,,,
Nor,,,,,,
Salzburgs,,,,,,
Institute for t,,,,,,
Gewissenloser Wagenknecht,,,,,,
Schwarzer-Aufruf,,,,,,
Chemiecocktail,,,,,,
gleichnamigen Regionalhauptstadt,,,,,,
Temperaturen,,,,,,
Nationalpark Berchtesgaden,,,,,,
bewa,,,,,,
Gesamt-Füllstand,,,,,,
Handelsgericht Wien,,,,,,
Kun,,,,,,
Habecks,,,,,,
Statistische Bundesamt am Mittwoch,,,,,,
Bilanz,,,,,,
Gebiet Transnistrien,,,,,,
Petersburg,,,,,,
Neubauer,,,,,,
Attergau,,,,,,
Bundesforste,,,,,,
Mittelsachsen,,,,,,
Energieengpässe,,,,,,
Mettlach,,,,,,
Härtefallklausel,,,,,,
spanischer Küste,,,,,,
Landkreis Stendal,,,,,,
BARCELONA,,,,,,
Bildungsstudie,,,,,,
Heizungswechsel,,,,,,
beige-gräulichen Gebäude,,,,,,
Blinken,,,,,,
Sankt,,,,,,
Handelsgerichts Wien,,,,,,
Skifahren,,,,,,
Statistischen Bundesamtes,,,,,,
Klimaschutzgr,,,,,,
Discounter-Riese Aldi Nord,,,,,,
On-off-Modus,,,,,,
West… Weiße Skipisten,,,,,,
Winterdürre,,,,,,
Lagos,,,,,,
Ruh,,,,,,
Landesliegenschaften,,,,,,
Archaeopteryx-Urvögeln,,,,,,
Koralleninseln,,,,,,
Bayern-Geheimtraining,,,,,,
BWWP,,,,,,
Kieler Land,,,,,,
Heizungsumbau in deutschen Häuse,,,,,,
BR24.,,,,,,
Stadtwerken München,,,,,,
Heizungsumbau,,,,,,
Russlands Regionen,,,,,,
Leipziger Südvorstadt,,,,,,
Wasserstoff-Revolution,,,,,,
Straße von Palma de Mallorca,,,,,,
Palma,,,,,,
Hausberg,,,,,,
Cherson +++ Kurzer Austausch zwischen Blinken,,,,,,
G-20-Treffen +++,,,,,,
Unterwasservideo,,,,,,
Rapallo,,,,,,
Vergiftun,,,,,,
Mes,,,,,,
Russische Föderation,,,,,,
Konfliktes,,,,,,
Karpaten,,,,,,
US-Interview,,,,,,
Erdgaslobby,,,,,,
Krisen-Demos,,,,,,
Bundesrechnungshof,,,,,,
Schloss Mesebe,,,,,,
Armee-Chef,,,,,,
Kivinen,,,,,,
China</li><li,,,,,,
Klingbeil,,,,,,
Russland: Moldau,,,,,,
Nür,,,,,,
Abschlagsfrust,,,,,,
Gasleitungsnetzen,,,,,,
Erdbeben in Nordwestsyrien,,,,,,
Edtstadler,,,,,,
Russen-Front,,,,,,
Rechnungshof,,,,,,
Große Strombilanz,,,,,,
Entgelterhöhungen,,,,,,
Z-Menschen,,,,,,
Putin-Regime,,,,,,
Gas-Kartelle,,,,,,
Ölriesen,,,,,,
Frankfurter Innenstadt,,,,,,
Netzabschaltungen,,,,,,
Linthebene,,,,,,
Icking,,,,,,
Matthiae-Mahl,,,,,,
Nato-Oberbefehlshaber,,,,,,
Bayern-Torhüter,,,,,,
Ölpipeline,,,,,,
Brenner-Tunnel,,,,,,
Preisanstiegs,,,,,,
Berufun,,,,,,
Demo-Kritik,,,,,,
Grünen-Haushälter,,,,,,
Kriegsszenario,,,,,,
Siwerski Donez,,,,,,
Bohoroditschne,,,,,,
Stadtwerken,,,,,,
München-Sieg,,,,,,
Chalkida,,,,,,
Forsthaus Wörnbrunn,,,,,,
Italia,,,,,,
Bretten,,,,,,
Rutte,,,,,,
Stoltenberg,,,,,,
Netzstabili,,,,,,
DC,,,,,,
Pekings +++,,,,,,
Röttgen,,,,,,
Sächsischer Minister,,,,,,
Gotthard-Tunnel,,,,,,
Strom-Preisen,,,,,,
Zwölf-Punkte-Papier,,,,,,
Bundesauftrag,,,,,,
Wagenknecht-Schwarzer-Show,,,,,,
Protest-Alternativen,,,,,,
D…,,,,,,
Schurkenstaaten,,,,,,
Konsumklima,,,,,,
Russlands UN-Botschafter,,,,,,
Dorsten,,,,,,
Lastwagenfahrern,,,,,,
Ferienhausbranche,,,,,,
"Europas
E",,,,,,
Stadtbusses,,,,,,
Teuerungen,,,,,,
Di,,,,,,
Vier Stunden,,,,,,
Westlichen Staaten,,,,,,
Atombehörden-Chef,,,,,,
Schönhauser Allee,,,,,,
Iberische Halbinsel,,,,,,
Zalando,,,,,,
Greenwashing,,,,,,
Sparkassen-Präsidentin,,,,,,
Sparkassenverbands Westfalen-Lippe,,,,,,
Bewertungsverluste,,,,,,
+++ Putin-Rede,,,,,,
Industrie-Chef,,,,,,
Putin-Rede +++ Stoltenberg,,,,,,
Armeespitze,,,,,,
Kupjansk,,,,,,
Erkenntnissen Kiews,,,,,,
Ölanlage,,,,,,
Barcelona Spanien,,,,,,
Hamburger Hafens,,,,,,
Nieder-,,,,,,
Unterga,,,,,,
Österreichweit,,,,,,
Lebensmittelpreisen,,,,,,
Grünwald,,,,,,
Stromeinkauf,,,,,,
Stralsund,,,,,,
Roßhaupten,,,,,,
Waffenli,,,,,,
Kälte-Schock,,,,,,
Freistaat Schnee,,,,,,
Landkreis Ludwigsburg,,,,,,
Rideau Canals,,,,,,
Energie-Infrastruktur,,,,,,
Ottawa Tausende,,,,,,
Wirtschafts-Nato,,,,,,
Kurz-Zeit-Premiermi,,,,,,
Inflationskrise,,,,,,
Kältewinter,,,,,,
Bayern-Duo,,,,,,
Polit-Satire,,,,,,
Leberkasgarantie,,,,,,
Donau-Delta,,,,,,
Café Moskau,,,,,,
Café Kiew,,,,,,
Berliner Abgeordnetenhaus,,,,,,
Team-Meeting,,,,,,
Gespäche,,,,,,
Schottenrock,,,,,,
Ö,,,,,,
Weltunordnung,,,,,,
Funkenfeuer,,,,,,
Heldenlieder,,,,,,
Indira Ghandi-Flughafen,,,,,,
Wetterlage im Ticker - Tief „Yigit,,,,,,
Künstlicher Stau,,,,,,
Klostertal dem Stau,,,,,,
S16,,,,,,
Klostertalerstraße,,,,,,
Samst,,,,,,
Bings,,,,,,
+++ Russland,,,,,,
Deutschland gi… Die Sorge,,,,,,
Energiekrise?2.,,,,,,
Wintersportarena,,,,,,
Unterengadin,,,,,,
kurzzeiti,,,,,,
Explodierende,,,,,,
Brandenburger Tor - Groß-Demo,,,,,,
Schwarzer,,,,,,
kriegsbesoffen,,,,,,
amerikanische Regierung,,,,,,
Russischer Staat,,,,,,
Erkältungsvirus,,,,,,
Pern,,,,,,
Otto-Konzern,,,,,,
Russlands Nuklearstrategie,,,,,,
Ludwig-Erhard-Gipfel,,,,,,
Cambridge-Report,,,,,,
Ruß,,,,,,
Alteingesessene,,,,,,
D… Kurz,,,,,,
Schwechat,,,,,,
Schwarzmeer-Getreideabkommens,,,,,,
Riesige Gasquelle,,,,,,
Vermutete,,,,,,
Heizperiode,,,,,,
Ukraine-Pipelines,,,,,,
Lieferstopp,,,,,,
Brasília,,,,,,
Amazonas-Flusses,,,,,,
rie…,,,,,,
Windparks im Meer,,,,,,
Größeres Leck,,,,,,
G7-Gipfels,,,,,,
Samsung,,,,,,
Druckabfall,,,,,,
Institute,,,,,,
Regensburg: Donau,,,,,,
Kriegs-Elektronik,,,,,,
Landes parken,,,,,,
Egmond aan Zee,,,,,,
Grafenwöhr,,,,,,
Briefportos,,,,,,
Salzwasser,,,,,,
lÃ¶st,,,,,,
Heizungstausch-Pflicht,,,,,,
Startschus,,,,,,
Heilbronn,,,,,,
Maue,,,,,,
traut Deutschland,,,,,,
Flakturms,,,,,,
Sankt Pauli,,,,,,
Feldstraßenbunker,,,,,,
Folge</li><li,,,,,,
einnehmen</li><li,,,,,,
Ostseeinsel,,,,,,
Göhren,,,,,,
Public domain,,,,,,
Kurzem,,,,,,
Dammam,,,,,,
Persischen Golf,,,,,,
Versorgu,,,,,,
Land lockert Finanzregeln,,,,,,
Wagne,,,,,,
Ukraine-Krieges,,,,,,
Schyrenbad,,,,,,
Dante-Winterwarmfreibad,,,,,,
Bling-Bling-Boom,,,,,,
tuspoh,,,,,,
Fsehbtqsfjt=0tuspoh,,,,,,
Nord Stream-Ermittlungen,,,,,,
Stream-Anschläge,,,,,,
Wasserstoffmenge,,,,,,
Deutschla,,,,,,
KölnTrotz,,,,,,
Gasbeschaffungsministerium,,,,,,
Habeck-Verbot,,,,,,
Dax-Aktien-Ranking,,,,,,
Corona-Inzidenz,,,,,,
Bayern-,,,,,,
Dortmund-Fans,,,,,,
Israe,,,,,,
Vorcorona-Niveau,,,,,,
Münchner Arena,,,,,,
unbeheizt,,,,,,
Wellness-Einrichtungen,,,,,,
Energie-Schlaraffenland Norwegen,,,,,,
Den Ha,,,,,,
Beton +++,,,,,,
ungeheizt,,,,,,
Antriebswende,,,,,,
Stuttgart-Feuerbach,,,,,,
aetetteu,,,,,,
Golf:,,,,,,
Jidda,,,,,,
Ellesborough,,,,,,
US-Geheimdienstskandal,,,,,,
Pumpspeicherkraftwerk Nant de Drance,,,,,,
Wallis,,,,,,
Trient,,,,,,
Spri,,,,,,
Bachmut  +++ Neues,,,,,,
Chinas Metropolen,,,,,,
Gaspoker,,,,,,
Bayern-Bettwäsche,,,,,,
Kanaren,,,,,,
Insee,,,,,,
Windräder im Staatswald,,,,,,
Bayerns Ki,,,,,,
niederländische Staat,,,,,,
Atomkraft-Reserve,,,,,,
Borssele,,,,,,
Energiepreissteigerungen abzupuffern,,,,,,
Grünen-Politiker,,,,,,
Öl-Firmen,,,,,,
Russland-Reporter,,,,,,
Wagner-Chefs,,,,,,
Kinschal,,,,,,
Senftenberg,,,,,,
jW,,,,,,
Lychen,,,,,,
Bachmut  WEB.DE News,,,,,,
Wagner-Boss Prigoschin,,,,,,
Klitschko-Klatsche,,,,,,
Gas-Lobbyist,,,,,,
Langem,,,,,,
Weiterg,,,,,,
Lok Leipzig,,,,,,
Ostsee-Pipeline Nord Stream 2,,,,,,
Niederländer,,,,,,
Verhandlungsraum,,,,,,
Izium,,,,,,
britischen Verteidigungsministeriums,,,,,,
Russin,,,,,,
Gasleck,,,,,,
Oligarchen-Jacht,,,,,,
Bunker-Großvater,,,,,,
Ofenventilator,,,,,,
Zentrum des von,,,,,,
Härtehilfen,,,,,,
Transfermarkt-Datenbank,,,,,,
Nord-Stream-Röhren,,,,,,
Landesamt für Umwelt,,,,,,
Landkreis Traunstein,,,,,,
Landkreises,,,,,,
Regierungsbezirk Oberbayern,,,,,,
Brennerstrecke,,,,,,
Südtirol,,,,,,
Transit-Lkws,,,,,,
Brennerroute,,,,,,
Leck,,,,,,
Gnabry,,,,,,
Feri-Vorstand,,,,,,
Gardasees,,,,,,
Cehan San,,,,,,
Kazimir,,,,,,
Wärmepumpen,,,,,,
Bunkern,,,,,,
Bonner,,,,,,
Potsdamerin,,,,,,
Schwedische Küstenwache,,,,,,
Wert-,,,,,,
Rüstungszulieferers,,,,,,
Alten Kino,,,,,,
Limmat,,,,,,
Speicherverband,,,,,,
entl,,,,,,
Gasfeld Urengoi,,,,,,
shame“-Kampagne,,,,,,
shame-Kampagne,,,,,,
Wunderlösung Wasserstoff,,,,,,
"dpa-Videokanal"",""mainTheme"":""Video"",""durationInSeconds"":""00:45"",""tags"":[""Video""],""autoListing"":true,""seoData"":{""seoTitle"":"""",""seoDescription",,,,,,
Mama-Öl,,,,,,
Mama-Smoothie,,,,,,
Mama-Tee,,,,,,
Floridas,,,,,,
Zuwac,,,,,,
Demo-Ansprache,,,,,,
Ternopil,,,,,,
Garage Rock,,,,,,
Energiepreisschock,,,,,,
Gasdepot,,,,,,
Kartellamt,,,,,,
Köppel,,,,,,
Karsto,,,,,,
ei,,,,,,
Nato-Beitritt,,,,,,
Quai thront,,,,,,
Land erkämpft,,,,,,
Laufenburg,,,,,,
Staatstheater „Shame,,,,,,
Bundes­wirtschaftsministerium,,,,,,
Kilicdaroglu,,,,,,
Wahlk,,,,,,
Liverpool,,,,,,
Türkei-Wahlen,,,,,,
Bistum Fulda,,,,,,
Bistums Mainz,,,,,,
Storm-Shadow-Marschflugkörper,,,,,,
Bistum Mainz,,,,,,
Strittig,,,,,,
Rote Meer,,,,,,
ESC-Veranstalter,,,,,,
Stromsparziele,,,,,,
Sterne-Gastronomie,,,,,,
Gasnetzen,,,,,,
Windkraft-Chaos,,,,,,
Landkreisen Meißen,,,,,,
Sächsische Schwe,,,,,,
Selenskyj-Besuch,,,,,,
Rom ++,,,,,,
Online-Kriminalität,,,,,,
Wärme-Wende,,,,,,
Hitzerekorde,,,,,,
Pipeline-Erdgas,,,,,,
Knappes,,,,,,
Europafest,,,,,,
Machtappa,,,,,,
Riesen-Angst,,,,,,
Südafrikas,,,,,,
Johannisburg,,,,,,
Klimaversprechen,,,,,,
Vorstößen zu Land,,,,,,
Ostseerat,,,,,,
Energieanlage,,,,,,
Herzliche,,,,,,
Ölheizkesseln,,,,,,
Heizsy,,,,,,
Anti-Putinkämpfer,,,,,,
Stadt Belgorod,,,,,,
ungarischen Regierung,,,,,,
Bachmut ++ - WELT,,,,,,
Bachmut ++  WELT,,,,,,
Anti-Putin-Partisanen,,,,,,
Kosovo-Serben,,,,,,
Raubgrabungen,,,,,,
Mastiaux,,,,,,
Zaren-Dorf,,,,,,
Vertrags-Verlängerung,,,,,,
Solidaritätsbek,,,,,,
Arena München,,,,,,
Hähnen,,,,,,
Ulms,,,,,,
Bayern München,,,,,,
Taunus,,,,,,
Neu-Ulm,,,,,,
Taunusstein,,,,,,
Schwaben,,,,,,
Cannabis-Verbot,,,,,,
Playoff-K.-o,,,,,,
Millionen-Ablöse,,,,,,
Sport-Boss,,,,,,
Bayern)–,,,,,,
Mädchen,,,,,,
Feldweg,,,,,,
Berliner Regierung,,,,,,
Kremlherrscher Putin,,,,,,
Nord Stream 1,,,,,,
Basketball-Meister,,,,,,
Stadt Salzburg,,,,,,
Steinwender,,,,,,
Bärensichtungen,,,,,,
Kumagai,,,,,,
Gebenbach,,,,,,
Konzentrationslager Dachau,,,,,,
Handball-Nation,,,,,,
Wolfsburg-Boss,,,,,,
Boss,,,,,,
Hannover 96,,,,,,
Verfassungs-Gericht,,,,,,
Transfer-Karussell,,,,,,
Klar,,,,,,
Land Benzin,,,,,,
Flusss,,,,,,
Staudamm-Bruch,,,,,,
AKW-Nähe,,,,,,
Wohngeld-Bezieher,,,,,,
Antalya,,,,,,
Beerscheba,,,,,,
Neppe,,,,,,
Teisendorf,,,,,,
Haarscharf,,,,,,
Tagesausflüglern,,,,,,
Bayern-Akteure,,,,,,
dulds,,,,,,
Kartonagepresse,,,,,,
Handball-Länderspiel,,,,,,
Keramik-Stolz,,,,,,
Donbass-Republiken,,,,,,
Porzellans,,,,,,
Stahlwerkzone,,,,,,
Sporthotel Kaiserau,,,,,,
Brasilien-Besuch,,,,,,
Putins Energiekrieg,,,,,,
Drau,,,,,,
glosen,,,,,,
Bezirk Spittal/Drau,,,,,,
milliardenschwer,,,,,,
Pfarrerskind,,,,,,
Wittenberg,,,,,,
Russlands Öl-Einnahmen,,,,,,
Kachowka-Stausees,,,,,,
Erdgas,,,,,,
Kachowka-Dammbruch,,,,,,
Lemberg,,,,,,
Ammoniak-Pipeline Toljatti-Odessa,,,,,,
Staudamm-Zerstörung,,,,,,
Kachowka-Staudamms,,,,,,
Selb,,,,,,
Porzellanstadt,,,,,,
Selb in Oberfranken,,,,,,
Fröttmaninger Arena,,,,,,
Möbelhäusern,,,,,,
Stürmersuche,,,,,,
Oktoberfest,,,,,,
Entwickl,,,,,,
A…,,,,,,
Investitionsschub,,,,,,
Handelsblatt-Gespräch,,,,,,
Ruhestarre,,,,,,
Torpor-Zustand,,,,,,
Handelsministerium,,,,,,
Bad Kissingen,,,,,,
dage,,,,,,
Halle (Saale,,,,,,
Polarmeer,,,,,,
Dudinka,,,,,,
Westsibirischen Tieflands,,,,,,
Polarkreis,,,,,,
Pskow,,,,,,
Region Pskow,,,,,,
US-Sicherheitsberater,,,,,,
Krim-Brücke: Ukraine,,,,,,
Unionsstaat,,,,,,
Unionsstaat Russland,,,,,,
Cannes,,,,,,
Hafen Foto,,,,,,
Bachmut +++ USA,,,,,,
Ukraine-News ++ Lawrow,,,,,,
Eurasiens,,,,,,
Serbe,,,,,,
EU-Versager,,,,,,
Bürgerentscheid,,,,,,
Länderfinanzausgleich,,,,,,
Bärenalarm,,,,,,
Schwarzach,,,,,,
Landesverwalt,,,,,,
Stadt Dortmund,,,,,,
CSU-geführte,,,,,,
Bundesliga-Final,,,,,,
ab</li><li,,,,,,
Discount-Marken,,,,,,
Gestorf,,,,,,
Baumgart-Frau,,,,,,
Schnäppchen-Jagd,,,,,,
wechse,,,,,,
Ketsch,,,,,,
Whitby 42,,,,,,
Balearen,,,,,,
Korsika,,,,,,
Sardinien,,,,,,
Anti-Putin-Parolen,,,,,,
deutschen Bahnnetzes,,,,,,
Konsumeinbruch,,,,,,
Südafrikas Außenministerium,,,,,,
Söldner-Boss,,,,,,
Raketenterror,,,,,,
Russland-,,,,,,
Hausbe,,,,,,
Check24,,,,,,
Fed-Bezirks ClevelandLoretta Mester,,,,,,
US-Währungshüterin,,,,,,
Bali️.,,,,,,
Bayern-Gerüchte,,,,,,
Aluminiumgießerei Röders,,,,,,
Schulden-Deal,,,,,,
Russische Grenzregion,,,,,,
stehen</li><li,,,,,,
Produktions-Drosselungen,,,,,,
Kaufkraft-Lücke,,,,,,
Fünf-Punkte-Plan,,,,,,
Klimamilliarden,,,,,,
Deutschlands Immobilienmarkt,,,,,,
Bern,,,,,,
Regen,,,,,,
Milan,,,,,,
Drohnen-Attacke,,,,,,
Johannesburg,,,,,,
Ost-Berlin,,,,,,
Landkreis München - SZ.de,,,,,,
Nýmmfs,,,,,,
Russische Grenzregion Belgorod,,,,,,
Land am Bosporus,,,,,,
Marienplatz,,,,,,
Erdoğans,,,,,,
Renovationsfenster,,,,,,
liebe@welt.de,,,,,,
Halbleiterbedarfs,,,,,,
Gießkannensubventionen,,,,,,
Bilanzkreisabrechnung,,,,,,
Iowa,,,,,,
Chinesinnen,,,,,,
Mannheim,,,,,,
Infla,,,,,,
Pferdeäpfeln,,,,,,
Andersson,,,,,,
Privatarm,,,,,,
Südkorea,,,,,,
Austausch-Alter,,,,,,
Putin-Residenz,,,,,,
Nato-Küste,,,,,,
AKW Saporischschja When browsing with ads,,,,,,
Truppenübungsplatz,,,,,,
Seeon-Seebruck,,,,,,
Ukraine Russland,,,,,,
Stein-Batterien,,,,,,
Mittw,,,,,,
den Vereinigten Staaten,,,,,,
Nagelsmann,,,,,,
Südländer,,,,,,
Geheimdienst-Leaks,,,,,,
Bundesamtes,,,,,,
Deutschlands Versorgungssicherheit,,,,,,
Altersvorsorge,,,,,,
zahlen</li><li,,,,,,
Pipeline-Importe,,,,,,
Privatverbrauch,,,,,,
Galileischen Monden,,,,,,
US-Berichten,,,,,,
Kriegsfragen,,,,,,
Urzeitriesen,,,,,,
Kraftwerks Isar,,,,,,
Frieden,,,,,,
Oblast Saporischschja +++,,,,,,
Orihiv,,,,,,
Ölraffinerie-Mitarbeiterin,,,,,,
Winter-Neuzugängen,,,,,,
Rekordanteil,,,,,,
Lviv,,,,,,
Ratsmitg,,,,,,
Öl-Fördermengen,,,,,,
Machtstrebens,,,,,,
Manchester,,,,,,
Pentagon,,,,,,
Militär-Leak,,,,,,
Pioneer Natural-Aktie,,,,,,
Aktienmarkt,,,,,,
Umfüllen,,,,,,
Alarmbereitschaft,,,,,,
US-Geheimdokumenten,,,,,,
Eisbergs,,,,,,
Deutschland +++,,,,,,
Kanada +++,,,,,,
BankfilialeKostenlose,,,,,,
Russische Regierung,,,,,,
Wash,,,,,,
Lastwagenunfall,,,,,,
Öl-Sperre,,,,,,
Budapest,,,,,,
Pentagon-Chef,,,,,,
Härtefallhilfe,,,,,,
Gasmangels,,,,,,
Wismar Pellets,,,,,,
Washington</li><li,,,,,,
Tipps!1.,,,,,,
Rotenberg,,,,,,
Krimbrücke,,,,,,
Rosental,,,,,,
Frankfurts,,,,,,
Tech-Trends Teil,,,,,,
Luxemburger,,,,,,
Ergebni,,,,,,
Wärmepumpen-Zwang,,,,,,
Jahreshälf,,,,,,
nachhaltog,,,,,,
Gladbacher Tor,,,,,,
wäch,,,,,,
Aufklärungsmission,,,,,,
U19-Finale,,,,,,
Gasta,,,,,,
Menschenrechtsbeauftragter,,,,,,
Schwedter Raffinerie,,,,,,
Dezember-Abschlagszahlungen,,,,,,
Ökostrom-Verband,,,,,,
Mec,,,,,,
Stoppsignal,,,,,,
Schloss Neuschwanstein,,,,,,
Bayern-Kader,,,,,,
Wisma,,,,,,
Messebahnhof,,,,,,
Euroleague-Abschluss,,,,,,
Stadt Kasan,,,,,,
Gasfeldern,,,,,,
Frontpläne +++,,,,,,
Seegrenze,,,,,,
Kraf,,,,,,
Ene,,,,,,
Eigentümerverbands,,,,,,
WMO-Chef,,,,,,
Russland +++ Ukraine,,,,,,
WIEH,,,,,,
Discord-Leaks,,,,,,
Presse am Sonntag,,,,,,
Baukostenexplosion,,,,,,
Giá mas,,,,,,
Athens,,,,,,
Lebensmittel-Inflation,,,,,,
Bayern-Startelf,,,,,,
Antarktis,,,,,,
Sefe-Tochter,,,,,,
15.04.2023,,,,,,
Windräder im Windpark,,,,,,
Leak,,,,,,
Royal College of Nursing,,,,,,
Rui,,,,,,
Saudis,,,,,,
Ölraffinerie PCK,,,,,,
UN-Vertretung,,,,,,
Ölallianz,,,,,,
Freisinger,,,,,,
Pessach,,,,,,
Ukraine-Krieg Sorge,,,,,,
UN-Votum,,,,,,
Liga-Pleite,,,,,,
Skandal-Satz,,,,,,
Lokstedt,,,,,,
Hamburg-Lokstedt,,,,,,
Rimb,,,,,,
Frankfurter Stadtwald,,,,,,
Petro-Yuan,,,,,,
Monoblock- und Split-Bauweise,,,,,,
Winter-Edition,,,,,,
Bockenheim,,,,,,
Ostsee-Gaspipelin,,,,,,
Brunnen-Saison,,,,,,
Ölpipeline Druschba,,,,,,
Wunsiedel im Fichtelgebirge,,,,,,
Pfalz,,,,,,
MÃ¼nchen,,,,,,
Frankenthal,,,,,,
Bremerhaven,,,,,,
Heizungsregeln,,,,,,
wahrschein,,,,,,
Ampel-Kompromiss,,,,,,
Bremens Boom,,,,,,
Verarmungsprogramm,,,,,,
Konzern-Chef,,,,,,
Putin-Partei,,,,,,
Ölverbunds,,,,,,
Hamburger Rathaus,,,,,,
Haus &amp,,,,,,
Lira,,,,,,
Öl-Förder-Reduzierung,,,,,,
Innok,,,,,,
Regenstauf,,,,,,
Deutschlands Gasspeichern,,,,,,
+++ Stoltenberg,,,,,,
Öl-Förderung,,,,,,
Preisportal Check24,,,,,,
Tücken,,,,,,
Gasspeicher-Ziel,,,,,,
Fischerbuberl-Figur,,,,,,
Heiz-Hammer,,,,,,
Leuna +++,,,,,,
Paroli,,,,,,
Faust-Jubel,,,,,,
Riesen-Krach,,,,,,
De Ligts Hammer,,,,,,
Freiburg  ki…,,,,,,
BASF-Ergebnis,,,,,,
Erdbebens,,,,,,
Ukraine-Überbick,,,,,,
Nato-Gipfels,,,,,,
EU-St,,,,,,
Luhansk +++,,,,,,
Ölgemisch,,,,,,
Enercity,,,,,,
Heizungsbauer Vaillant,,,,,,
Telegramkanal,,,,,,
Ortsra,,,,,,
US-Pentagons,,,,,,
Kraftwerk +++,,,,,,
R. Klug.</em,,,,,,
Rückzügen,,,,,,
Spanier,,,,,,
Werwolf-Prinzip,,,,,,
AZ-Reporter,,,,,,
Favori,,,,,,
La…,,,,,,
Ludwigshafen,,,,,,
Görlitz,,,,,,
Goden,,,,,,
Bundesliga-Einsatz,,,,,,
Neue Gas-Speicher-Zahlen - Wenn DAS,,,,,,
Bayern-Duell,,,,,,
Freiburg - Augsburg,,,,,,
Deutschlands Doppelwumms,,,,,,
Kolosseum,,,,,,
St.…,,,,,,
Milliardenloch,,,,,,
Belarus +++,,,,,,
Schwarzmeer-Halbinsel Krim,,,,,,
Na,,,,,,
Stadt Marburg,,,,,,
Beglow,,,,,,
Bayern-Patzer,,,,,,
Energiekrise-Winter,,,,,,
Wunsiedel,,,,,,
Profit-Preis-Spirale,,,,,,
Gespräc,,,,,,
De Ligt-Distanzschuss,,,,,,
Pflegechaos,,,,,,
Gaspreis-Bremse,,,,,,
bayerischen Landtags,,,,,,
Bundesnetzagentur: Strom-,,,,,,
Unterlaa,,,,,,
Neue Windparks,,,,,,
wien,,,,,,
Südeuro,,,,,,
Entlastungspaket,,,,,,
Schwellenländern,,,,,,
Achtes EU-Sanktionspaket,,,,,,
unprobl,,,,,,
Land Schlechtes,,,,,,
Schwimmende,,,,,,
Fachkräfte-Abwanderung,,,,,,
Vorwerks,,,,,,
Hausgerätekonzern,,,,,,
Midcat-Projekt,,,,,,
Erneuer,,,,,,
Russland3.,,,,,,
Firmengewinne,,,,,,
Handelsbla,,,,,,
Nürnberger,,,,,,
Notkraftwerk,,,,,,
Arbeitsplatz,,,,,,
Donauinsel,,,,,,
Glut,,,,,,
Är,,,,,,
Gera,,,,,,
zwe,,,,,,
Investitionsabsichten,,,,,,
Sperra,,,,,,
Hobby-Campern,,,,,,
Kremltreue,,,,,,
Verhandeln,,,,,,
Immobilien,,,,,,
Hof,,,,,,
Gartenpflege,,,,,,
Wahlka,,,,,,
Sudans,,,,,,
Prager Burg,,,,,,
Sudans Hauptsta,,,,,,
Pawlohrad,,,,,,
Dnipr,,,,,,
Tschernobyl,,,,,,
Leopoldina-Präsident,,,,,,
Drachenzähne,,,,,,
Gegners,,,,,,
Ukraine-Krieg:,,,,,,
Gassperrungen,,,,,,
Weimar,,,,,,
Ukraine-Krieg +++ EU-Staaten,,,,,,
Kramatorsk an +++,,,,,,
Sussex,,,,,,
Kraftwerk Saporischschja,,,,,,
China-Boom,,,,,,
Prilepin-Attentat,,,,,,
Russlands Winteroffensive,,,,,,
Transitland Österreich,,,,,,
Bund-Länder-Beratungen,,,,,,
Rumäniens,,,,,,
Anle,,,,,,
Schwarzem Meer,,,,,,
Schwarzes Meer,,,,,,
Wagner-Truppe,,,,,,
Kiewer Hostels,,,,,,
von Staat und Wirtschaft,,,,,,
Weltkriegsgedenken,,,,,,
Neue Wache,,,,,,
Nord Stream-Gaspipelines,,,,,,
Ruhiger,,,,,,
Chef-Coach,,,,,,
Nachbar-Krieg,,,,,,
Amtsgericht Augsburg,,,,,,
(65) sollte e…,,,,,,
Russisches Gas,,,,,,
Mané,,,,,,
Ölhahn,,,,,,
Gasimporteur Eni,,,,,,
Preiskorridor,,,,,,
Seilbahn,,,,,,
Bachmut +++ Wieder Drohnenangriff auf Ölraffinerie,,,,,,
AKW Saporischschja +++,,,,,,
Lucic,,,,,,
Kanadas Geldgigant,,,,,,
Investitionsbremse,,,,,,
LÃ¼tzerath,,,,,,
Pipeline-Chaos,,,,,,
Potsd,,,,,,
Putin-Angst,,,,,,
Veganes,,,,,,
Erzbischof von Canterbury,,,,,,
Walfisch-Ambra,,,,,,
Nischnij Nowgorod,,,,,,
Nischni Nowgorod,,,,,,
Mos,,,,,,
Söldnerchef,,,,,,
Tiergarten,,,,,,
Treptow,,,,,,
Staa,,,,,,
Malotaraniwka,,,,,,
Uman,,,,,,
Hannover Messe,,,,,,
wichti,,,,,,
Europaausschusses,,,,,,
Kleinstes Plus,,,,,,
Goldenes Buch der Stadt Leipzig,,,,,,
Kertsch-Brücke,,,,,,
MidCat-Pipeline,,,,,,
Bayern-Co-Trainer,,,,,,
Freiheitsenergien,,,,,,
Polizei-Software,,,,,,
Cyberwar,,,,,,
Bundesweit,,,,,,
Wolfsburger,,,,,,
Ex-Sowjetrepubliken,,,,,,
Gesprächsformats,,,,,,
Deeskalations-Prozesses,,,,,,
Boden-Luft-Raketen,,,,,,
AfD-Demonstration,,,,,,
Intervi,,,,,,
Gemeinde im Taunus,,,,,,
Gemeindewalds,,,,,,
Wallbach,,,,,,
Mainz-Blamage,,,,,,
Strömen,,,,,,
Havelland,,,,,,
Gemeinde Wustermark,,,,,,
Kriegsgebi,,,,,,
Voralberg Windräder,,,,,,
Bregenzerwald,,,,,,
Allgäuer Alpen,,,,,,
Lechtaler Alpen,,,,,,
Rätikon-Silvretta,,,,,,
Feldkirch,,,,,,
Fracking-Deabtte,,,,,,
Luhansk ++,,,,,,
Mecklen,,,,,,
Bestandsimmobilien,,,,,,
Nachbarstaaten,,,,,,
Asiamarkt,,,,,,
Hauptbahnhofs,,,,,,
Gaspreis-Gremium,,,,,,
Ausbautempo,,,,,,
Ptolemaida,,,,,,
Nordgriechenland,,,,,,
Erdgaskrise,,,,,,
Pfahlbohrer,,,,,,
Stellinger Moor,,,,,,
Entwicklungsministerium +++,,,,,,
Getreidelieferungen,,,,,,
"<ol><li>""Macht",,,,,,
Bauarbeite,,,,,,
Polarfuchs,,,,,,
Offshore-Windenergieparks,,,,,,
Uljanowsk,,,,,,
Kreml-Chef,,,,,,
Gaspreisbremse-Kommission,,,,,,
Gampern,,,,,,
Bezirk Vöcklabruck,,,,,,
Kli,,,,,,
Akkuyu,,,,,,
Heizungstauschstreit:,,,,,,
Ampel-Partner,,,,,,
Öberösterreich,,,,,,
Autobahnausbau,,,,,,
Bundpläne,,,,,,
https://jamaltuschick.de/index.php?article_id=4519undhttps://jamaltuschick.de/index.php?article_id=4518„Manchmal,,,,,,
Ampel-Murks,,,,,,
Preishochs,,,,,,
Lagereffekte,,,,,,
Hoeneß-Besuch,,,,,,
La Grande Confrontation,,,,,,
Ostblock,,,,,,
Atomkraftwerk Akkuyu,,,,,,
Preis-Wumms,,,,,,
Cherson +++ Ukraine,,,,,,
Kreml-Kritikers,,,,,,
Winterpoem,,,,,,
Rote Rathaus,,,,,,
Energie-Entwicklungsland,,,,,,
Höchstspannungsebene,,,,,,
Drittligaspiel,,,,,,
Drittligaspiels,,,,,,
ostdeut,,,,,,
North Sea Summit,,,,,,
Anrainerstaaten,,,,,,
Putin-Sprecher,,,,,,
Sankt Petersburg,,,,,,
Zwickau-Zuschauer,,,,,,
Zwickauer,,,,,,
Bierattacke,,,,,,
Bielefeld,,,,,,
Niedrigzinszeiten,,,,,,
Mullahs,,,,,,
Lebenshaltun,,,,,,
Rumstehen,,,,,,
Unito,,,,,,
Lieferausfälle,,,,,,
Edeka-Verbund,,,,,,
Wachstumsfeuer,,,,,,
Israels,,,,,,
Trümmerpolitik,,,,,,
Corona-Übersicht,,,,,,
Dezember-Soforthi,,,,,,
Aussersihl,,,,,,
Ce,,,,,,
Khori,,,,,,
Bahnstraße,,,,,,
Bouga,,,,,,
Corona: Bayern,,,,,,
Wiener Netzte,,,,,,
Wertstoffzentrum,,,,,,
Soziales,,,,,,
Saporischsc,,,,,,
Grünstrom-Startup Ostrom,,,,,,
Grünstrom-Startup,,,,,,
LNG-Export,,,,,,
Jamal-Leitung,,,,,,
Weihnachtshaus am Dornbusch,,,,,,
Gaspreisbremsen,,,,,,
Ansprüchen,,,,,,
Tankerstau am Bosporus,,,,,,
Stuss,,,,,,
Parkowka-Straße,,,,,,
Inzi,,,,,,
Raffinerie PCK Schwedt,,,,,,
Energie-Engpässen,,,,,,
Hafen Danzig,,,,,,
Krim-Brücke +++ Explosionen auf Militärflugplätzen,,,,,,
Militärangaben,,,,,,
Belarussen,,,,,,
Abwesenhei,,,,,,
Polarwirbel,,,,,,
Afr,,,,,,
Cherson an</li><li,,,,,,
Niederösterreicher,,,,,,
Kurileninsel,,,,,,
Boxring,,,,,,
Förderhöchstgrenze,,,,,,
Photovoltaik,,,,,,
Cross-Media-Measurement,,,,,,
Marktgassen,,,,,,
Zentrum der westtürkischen Metropole,,,,,,
Izmir,,,,,,
Kleiderhändler,,,,,,
Brautausstatter,,,,,,
Lederwarengeschäfte,,,,,,
Imbissbuden,,,,,,
Milliarden-Entlastungen,,,,,,
Entwarnung vor Heiz-,,,,,,
Schuldenregeln,,,,,,
Nato-Chef,,,,,,
Eurasischen Wirtschaftsunion,,,,,,
Österre,,,,,,
Scheideweg,,,,,,
Jackery Solargenerator,,,,,,
Stadt Offenbach,,,,,,
Wirkli,,,,,,
Wintergewand,,,,,,
LNG-Schiffen,,,,,,
Schnellstraßen-Abschnitten,,,,,,
Südautobahn,,,,,,
A2,,,,,,
Wechselgebiet,,,,,,
Wiener Außenringautobahn,,,,,,
A21,,,,,,
Handlungsfre,,,,,,
Reichsbürger-Razzia,,,,,,
Europas Küste,,,,,,
Kirgistans,,,,,,
Bischkek,,,,,,
LNG-Anlandeterminal,,,,,,
Darling Ingredients,,,,,,
Gebiet Donezk,,,,,,
Rabat,,,,,,
Kirgisistan,,,,,,
Gasrechnungen,,,,,,
Munz,,,,,,
Svatove,,,,,,
Krym,,,,,,
Primorsk,,,,,,
Sandhausen,,,,,,
Euro-Länder,,,,,,
Laufen im Winter,,,,,,
türkischen Küste,,,,,,
Stabilisierungsfonds,,,,,,
Schwimmende Windturbine,,,,,,
Oberösterreicher,,,,,,
G-20-Vorsitz,,,,,,
Salzkammergut,,,,,,
Gröbenrieder Straße,,,,,,
Korn +++,,,,,,
Russlands Durchhalte-Propaganda,,,,,,
Gefangenenaustauschs,,,,,,
USA +++,,,,,,
Land Salzburg,,,,,,
Kelly Field Flughaf,,,,,,
Kie,,,,,,
AKWs Saporischschja,,,,,,
Vučić,,,,,,
Serbiens,,,,,,
Ifo,,,,,,
Schwäbischen Alb,,,,,,
Preisobergrenz,,,,,,
Flachauer,,,,,,
Beschlossene,,,,,,
Venezuela,,,,,,
Marchfeld,,,,,,
Gasstation Baumgarten an der March,,,,,,
Bezirk Gänserndorf,,,,,,
Wohnungskonzer,,,,,,
Energiep,,,,,,
imageBROKER,,,,,,
Europa</li><li,,,,,,
G7-Gruppe,,,,,,
Münchnerin,,,,,,
Bad Neuenahr-Ahrweiler,,,,,,
Indonesiens,,,,,,
Hostomel,,,,,,
St. Veit,,,,,,
Kriegsverbrec,,,,,,
Grandhotel Hessischer Hof,,,,,,
Haus Hessen,,,,,,
Prinz von Hessen,,,,,,
Urals,,,,,,
Haidg,,,,,,
Inflations-Entlastungen,,,,,,
Eisstadion am,,,,,,
Originalvideo,,,,,,
YouTube-Kanal Innovationews,,,,,,
Bidens Signal,,,,,,
Wiens,,,,,,
Vorarlbergs,,,,,,
Anteilsmäßig,,,,,,
Schmuggelversteck,,,,,,
Schwarzach Antike Gold- und Silbermünzen,,,,,,
Verfassungsrichter,,,,,,
Kamerun,,,,,,
Kremlche,,,,,,
Spandau,,,,,,
Nkunku-Einsatz,,,,,,
Klebe-Blockaden,,,,,,
Berliner Flughafen,,,,,,
Coman,,,,,,
Thüringe,,,,,,
Snowdens Pass,,,,,,
US-Abhängigkeit,,,,,,
Ecuador,,,,,,
Verschmutzer,,,,,,
Luxushotel Hessischer Hof,,,,,,
Mega-Blackout,,,,,,
Kälte-Tod,,,,,,
Garage,,,,,,
Abfahrtsdoppel,,,,,,
Val d’,,,,,,
Schlange,,,,,,
Brüssel5.,,,,,,
Billigfleisch-Theke,,,,,,
Wärmest,,,,,,
Wacker-Chemie-Chef,,,,,,
Peteneklnua lu pel,,,,,,
Gasnachfrage,,,,,,
Antwor,,,,,,
Putin-Berater,,,,,,
Mars,,,,,,
Mobilitätspartnerschaft,,,,,,
Pakistans,,,,,,
pakistanische Regierung,,,,,,
Drohnen-Lieferungen,,,,,,
Energiek,,,,,,
Bahnhof in Bayern,,,,,,
Halbherzig,,,,,,
Mercedes,,,,,,
Krim-Brücke – russische Bomber,,,,,,
Stadt Saporischschja,,,,,,
G7- und der EU-Staaten,,,,,,
Wiener Haushalten,,,,,,
Schleiz,,,,,,
Weinviertel,,,,,,
Haus,,,,,,
Ostsee-Gaspipeline Nord Stream,,,,,,
Wärmepunkte,,,,,,
Seefrachtgeschäft,,,,,,
künd,,,,,,
Energiespargründen,,,,,,
Draußen,,,,,,
Marvel-Superhelden,,,,,,
Klinik- Schleiz,,,,,,
Wirtschaftsstabilisierungsfonds zur Dä,,,,,,
houueu,,,,,,
erric,,,,,,
EU-Investitionsregeln,,,,,,
Matterhorn,,,,,,
Macrons,,,,,,
Donezker Volksrepublik,,,,,,
Separatistengebildes,,,,,,
Strom-,,,,,,
Bundestagshaushaltsausschuss,,,,,,
Donezk +++ USA,,,,,,
Nirgendwo,,,,,,
Öl-Inferno,,,,,,
Main-Tauber-Kreis,,,,,,
Sicherheitspuffern,,,,,,
Energie-Preisbremsen,,,,,,
Tauerntunnels,,,,,,
Europaaus,,,,,,
Statistisches Bundesamt: Preisanstieg,,,,,,
Coburg,,,,,,
MainzSchlecht,,,,,,
Großhan,,,,,,
deutschen Regierung,,,,,,
Spezialschiff,,,,,,
Ölraffinerie Schwedt,,,,,,
Energi,,,,,,
LNG-Spezialschiff,,,,,,
Sparzielen,,,,,,
ocean,,,,,,
Beobachtungstipp,,,,,,
Winter-Wonderland,,,,,,
Zinserhöhungstempo,,,,,,
Berchtesgadener Land,,,,,,
Asiatische Tigermücke,,,,,,
Mittelitalien,,,,,,
Akku-Kissen,,,,,,
Zuschauerrückgang,,,,,,
Deutschaland,,,,,,
Landkreis Fürst,,,,,,
Energiezwecke,,,,,,
Belchatow,,,,,,
Brexit-Fond,,,,,,
Einfache Sofortlösungen,,,,,,
Bundesta,,,,,,
Prognose,,,,,,
Wochenmarkt,,,,,,
Oldenburger,,,,,,
Frankfurter Flughafen,,,,,,
Rekorderlöse,,,,,,
Jobcenter-Chefs,,,,,,
Inflationswellen,,,,,,
Platz für 450 Windräder,,,,,,
Covid-Fonds,,,,,,
Hannut,,,,,,
Industrie-Preisbremse,,,,,,
Gastronom,,,,,,
pepp plek,,,,,,
lu peu uulkellaeu Vuekeu,,,,,,
Germering,,,,,,
Energiebedarf,,,,,,
Dezembertagen,,,,,,
Frauen-Fußball,,,,,,
Klimaaktivisten,,,,,,
Flachgau,,,,,,
Dürrnberg,,,,,,
Tennengau,,,,,,
Doppelsessellift,,,,,,
Süden</li><li>10:00 Uhr,,,,,,
Fes,,,,,,
Sinai-Halbinsel,,,,,,
Industriestaaten,,,,,,
Zeitenwende”-Rede,,,,,,
Luxus-Boom,,,,,,
Nordsee-Stadt,,,,,,
Nordos,,,,,,
russischen Pipelines,,,,,,
Berlin-Kreuzberg,,,,,,
Gerasdorf,,,,,,
Leipzigern,,,,,,
Gerasdorf bei Wien,,,,,,
Bezirk Korneuburg,,,,,,
Uckermark,,,,,,
Islamische Rep,,,,,,
Raffinerie-Standort,,,,,,
Bundeswir…,,,,,,
Spielplatzes,,,,,,
Juristen-Einschätzung,,,,,,
Energiespar-Trick,,,,,,
Stepaniwka,,,,,,
pepp el lO,,,,,,
Blupl,,,,,,
The Coatinc CompanyDeutschlands,,,,,,
Länderkammer,,,,,,
ul><li>14:57,,,,,,
Pankower,,,,,,
Oberhausen,,,,,,
Energiepreish,,,,,,
Bnluoe,,,,,,
Horror-Inflation,,,,,,
Dunkeldeutschland,,,,,,
Neumarkt,,,,,,
aekl enp,,,,,,
Pten,,,,,,
Neue,,,,,,
niedersächsischen Küste,,,,,,
Riesenbatterien,,,,,,
Chersons,,,,,,
Donezk +++,,,,,,
Europas Küs,,,,,,
Moskauer Untersuchungskomitee,,,,,,
Corona-Aufbaufonds,,,,,,
Rohstoffimport,,,,,,
Grüntal,,,,,,
Griechenlands,,,,,,
Sikela,,,,,,
Langlauf,,,,,,
Gasfeld,,,,,,
Bundesbankpräsident,,,,,,
winterglatter Autobahn,,,,,,
Kerzenwärme,,,,,,
Shanghai,,,,,,
EU-Außenbeauftragte,,,,,,
Kos,,,,,,
Minusgraden,,,,,,
Meteroiten-Mineral,,,,,,
Null-Grad-Marke,,,,,,
Silvretta Montafon,,,,,,
Klima-Versprechen,,,,,,
Steinbrunn,,,,,,
Eisenstadt-Umgebung,,,,,,
Inline-Speedskating,,,,,,
Vize-Junioren-Europameisterin,,,,,,
Newsti,,,,,,
Nachbar-Dach,,,,,,
Paradeuniform,,,,,,
Gasspeicher-Verband,,,,,,
Political-Moments,,,,,,
Westport,,,,,,
Hunderte von Winterthurer,,,,,,
Ba-Wü,,,,,,
Wunder,,,,,,
Kreise,,,,,,
photothek Göppingen,,,,,,
Gas-Tarifwechsel,,,,,,
Strompreis-Bremse,,,,,,
Trümmern,,,,,,
Pleite-Risiko,,,,,,
russischen Grenze,,,,,,
Fronten,,,,,,
Odessa h,,,,,,
Scharm El-Scheich,,,,,,
Stadt Odessa,,,,,,
Schwimmende Pyramide,,,,,,
Rathaus,,,,,,
Aufreg,,,,,,
Industrieumsätze,,,,,,
Check-Pflicht,,,,,,
Afghanen,,,,,,
Oberharz,,,,,,
Interstate 45,,,,,,
Seishu Maru,,,,,,
Heizlüfter-Boom,,,,,,
Wintersport-Touristen,,,,,,
Ski-Saison,,,,,,
Land Schleswig-Holstein,,,,,,
Erinnern wir uns,,,,,,
Langen,,,,,,
Metzger,,,,,,
Frischetheke,,,,,,
senken,,,,,,
Eberstalzell,,,,,,
Bezirk Wels-Land,,,,,,
Börsenprofis,,,,,,
Cap Camp,,,,,,
Notenbank-Sitzung,,,,,,
Trippelschritte,,,,,,
Heizkost,,,,,,
Trockner,,,,,,
Elektro-Auto-Kurs,,,,,,
U19-Talent,,,,,,
Landkreis Erding,,,,,,
Gasrabatt,,,,,,
Blitzeis-Alarm,,,,,,
Großraum Karlsruhe,,,,,,
Kilowattstunden,,,,,,
Land Niederösterreich,,,,,,
Nizza,,,,,,
Mumbai,,,,,,
Gaming-Energiesparmodus,,,,,,
Silvrettaseilbahn,,,,,,
Drei-Monatszeitraum,,,,,,
Westeuropas,,,,,,
Homeoffice,,,,,,
Längeres Warten,,,,,,
Geldbörsel,,,,,,
Gemüse,,,,,,
Reichts,,,,,,
Bundesregi,,,,,,
Kältewelle,,,,,,
Kaczyski,,,,,,
Berliner Büros,,,,,,
Urusula,,,,,,
Haan,,,,,,
Rheinland,,,,,,
Fernleitungsnetzbet,,,,,,
Rodelverbot,,,,,,
Step,,,,,,
Landesamt für Digitalisierung,,,,,,
Alster,,,,,,
Bundesverfassungsgerichts,,,,,,
Atomkraftwerks Emsland,,,,,,
Erdbeben in Türkei,,,,,,
Museum,,,,,,
Entwick,,,,,,
Russlands Inlandsgeheimdienst FSB,,,,,,
Stalin-Vergleich,,,,,,
ungarische Regierung,,,,,,
Wiener Leopold Museum,,,,,,
Leopold-Museum,,,,,,
Klimt-Bild,,,,,,
EU-Parlamentspräsidentin,,,,,,
b]3,,,,,,
Überschuldungszahlen,,,,,,
Schuldneratlas,,,,,,
Creditre,,,,,,
angegan,,,,,,
Hochhitze,,,,,,
Preisbegrenzungen,,,,,,
siebenundsechzig,,,,,,
Winterkirchen,,,,,,
Beratungsanfragen,,,,,,
Abnehmerländer,,,,,,
Bauen,,,,,,
Kühle,,,,,,
Pipeline-Gas,,,,,,
Manching,,,,,,
St. Augustin,,,,,,
Südeuropäer,,,,,,
vergan,,,,,,
SH,,,,,,
Total-Chef,,,,,,
LNG-Infrastruktur,,,,,,
Finanzministerium,,,,,,
Verteidigungspläne,,,,,,
Alleingelassen,,,,,,
Mali,,,,,,
Trennungskinder,,,,,,
Kanton Zürich,,,,,,
Krisen,,,,,,
Buelale,,,,,,
Nordpol,,,,,,
Vättis,,,,,,
Kanton St. Gallen,,,,,,
Preisgalopp,,,,,,
Big Oil,,,,,,
Elsass-Lothringen,,,,,,
Bundesländervergleich,,,,,,
Gas-Spotmarkt,,,,,,
Endemie,,,,,,
Gas-Einkauf,,,,,,
Neues Terminal,,,,,,
Tagelang,,,,,,
könnenNach,,,,,,
Ternitz,,,,,,
Bezirk Neunkirchen,,,,,,
Gazproms,,,,,,
Krk,,,,,,
Stadtwerken Schwerin,,,,,,
MusicAeterna,,,,,,
Russlands Atom-Drohungen,,,,,,
Mailand,,,,,,
Klimaschutz-Ranking,,,,,,
Gangsterbossen,,,,,,
Gasspeichers,,,,,,
Malta,,,,,,
Evakuierungsangebot,,,,,,
Dezembe,,,,,,
geomix,,,,,,
persischen Golf,,,,,,
di…,,,,,,
Sas,,,,,,
Nasa,,,,,,
Online-Vorlesungen,,,,,,
Telegram-Gruppe,,,,,,
Verteilungsbericht,,,,,,
Frankfurter Banken-Skyline,,,,,,
Cyber-Krieg,,,,,,
schottischen Küste,,,,,,
Esten,,,,,,
Fah,,,,,,
Chaosumlage 2,,,,,,
Windpark Hywind Tampen,,,,,,
Hollywood,,,,,,
Dnipro-Ufer +++,,,,,,
Covid-Welle,,,,,,
Ausgebremst,,,,,,
Dating-Muffel,,,,,,
Standortkrise,,,,,,
Honorarkonsuln,,,,,,
Verhäl,,,,,,
Energiesparboxen,,,,,,
Tagesspiegel-Newsletter Checkpoint,,,,,,
Internet-Traffic,,,,,,
Nord Stream-Leck,,,,,,
PCG-Podcast,,,,,,
Horror-Hotel,,,,,,
Prudboi,,,,,,
Wolgograd,,,,,,
Clearinghäusern,,,,,,
Kauflaune,,,,,,
Einzelhandelskonzern Walmart,,,,,,
Kubas,,,,,,
Wirtschaftsexpertin,,,,,,
Dresdner,,,,,,
Schneefallgebiet,,,,,,
Kalte,,,,,,
Köpenick,,,,,,
Bundesamtes für Bevölkerungsschutz und Katas,,,,,,
Winter-Bombe,,,,,,
Apec-Gipfel,,,,,,
Ang,,,,,,
Phar,,,,,,
Prien,,,,,,
Klubbesuch,,,,,,
Landkreis Rosenheim,,,,,,
Strompreisbremse3.,,,,,,
Aufpassen,,,,,,
Bundesamt für Katastrophenschutz,,,,,,
Polen2.,,,,,,
Landesärztekammer,,,,,,
Moosburg,,,,,,
Lö…,,,,,,
Black-Friday-Deals,,,,,,
Polens Grenzgebiet,,,,,,
Getrieben,,,,,,
Hellabrunn,,,,,,
polnisch-ukrainischen Grenze,,,,,,
Rothenburg,,,,,,
Topverdienern,,,,,,
Währ,,,,,,
Dönerpreise,,,,,,
Landgericht,,,,,,
Waldviertel,,,,,,
Einkommensfünftel,,,,,,
Telefon-Aktion,,,,,,
Anschaffung.</li><li,,,,,,
Dutzenden Milliarden,,,,,,
Aqara,,,,,,
Warm-,,,,,,
Gasspeicher-Betreiber,,,,,,
LNG-Importen,,,,,,
Sicherheitsmanagements,,,,,,
Gashahn,,,,,,
COP27.,,,,,,
Stadtreinigung,,,,,,
britische Regierung,,,,,,
Wetterau,,,,,,
Kreis,,,,,,
Lässt,,,,,,
Petersburger,,,,,,
Japanern,,,,,,
Kernkraftwerk Fukushima Daiichi,,,,,,
SPIEGEL-Umfrage,,,,,,
Ökostrom-Projekte,,,,,,
Ökostrom-Ausbau,,,,,,
Ökostrom-Ausbaus,,,,,,
Zugunfall,,,,,,
Ausbaden,,,,,,
Rumäninen,,,,,,
Freyung,,,,,,
Ex-Sowjetrepublik Millionen,,,,,,
Bloomberg,,,,,,
Adlershof,,,,,,
G20-Staaten,,,,,,
Blackout-Katastrophe,,,,,,
Trot,,,,,,
Energie-Sparmaßnahme,,,,,,
Oberg,,,,,,
Sibirien,,,,,,
Pipelineprojekte,,,,,,
Dampfsäule,,,,,,
Atomreaktor,,,,,,
Kernkraftwerk Emsland,,,,,,
Bür,,,,,,
Frankfurter Paar,,,,,,
Senegals,,,,,,
Zufallsgewinne,,,,,,
Bayerns Exportumsätze,,,,,,
Energiefalle,,,,,,
Außenminist,,,,,,
Polizeibusse,,,,,,
Infrastr,,,,,,
Sanierern,,,,,,
Russland-Ukraine-Krieg,,,,,,
Wasserstoff-Produktion,,,,,,
Epdi,,,,,,
Xbttfslpdifs hfi÷sfo {v efo Upq,,,,,,
Universität Innsbruck,,,,,,
WM-Gastgeber Katar,,,,,,
Alternativen,,,,,,
Heizschüsseln,,,,,,
Gasheizern,,,,,,
Ble 00-lokllae,,,,,,
entalnup pep GukteuOuuuvlpp,,,,,,
Bellnua,,,,,,
Güterzugunfall,,,,,,
Telefonseelsorge,,,,,,
Inflationsgefahr,,,,,,
Landkreis Grafschaft Bentheim,,,,,,
Mangelware</li><li,,,,,,
Amazon-Sprecher,,,,,,
NATO-Treffen,,,,,,
Baerbock,,,,,,
Statistisches Landesamt,,,,,,
Insel Borkum,,,,,,
Gas-Deal Katars,,,,,,
Ver… Der Anstieg,,,,,,
Flocken-Alarm,,,,,,
Bad Ems,,,,,,
Fol,,,,,,
Entlastungsplan,,,,,,
Ampel-Koalition,,,,,,
Wyschhorod,,,,,,
Deutsc...,,,,,,
Energieministerium im Emirat,,,,,,
Staatskonzerne,,,,,,
Staatskonz,,,,,,
Vereinspauschale,,,,,,
Norwegens Regierung,,,,,,
Budgetlöcher,,,,,,
Strommangel,,,,,,
Schwedt/Oder,,,,,,
konstru,,,,,,
Donezk</li><li>15:00,,,,,,
Olde Baas,,,,,,
russischen Fernsehen,,,,,,
Kölner Dom von Borkum,,,,,,
Wil,,,,,,
Corona-Isolationspflicht,,,,,,
Geländegewinnegewinne,,,,,,
Kiew-Haushalte,,,,,,
Verkehrsminister von Bund und Ländern,,,,,,
Landkreis Osnabrück,,,,,,
Dissen,,,,,,
Ukraine-Update am Abend,,,,,,
Selenska,,,,,,
Landesre,,,,,,
!,,,,,,
Gas-Lage,,,,,,
Leitbaken,,,,,,
Oranienburg,,,,,,
Corona-Zahlen,,,,,,
Flüs,,,,,,
Flüssigerdgaslieferungen,,,,,,
Conoco,,,,,,
ChinaAb,,,,,,
VCG,,,,,,
BerlinKatar,,,,,,
osttürkisch…,,,,,,
Solar-Speicher-Programm,,,,,,
teurer</li><li,,,,,,
Hertastraße,,,,,,
Bezirk Oberwart,,,,,,
Spendenrekord,,,,,,
Spendenb,,,,,,
Land Burgenland,,,,,,
Exper,,,,,,
Musterhaushal,,,,,,
China-Papier,,,,,,
Gas-Einsparungen,,,,,,
Ir,,,,,,
Beuu uoOtlek,,,,,,
Klimaschutz-Fragen,,,,,,
Preis-Bremsen,,,,,,
Klimahilfe,,,,,,
St. Petersburg ve…,,,,,,
Beilagen-Gemüse,,,,,,
Energievorrat,,,,,,
Cherso,,,,,,
US-Finanzinvestor,,,,,,
Wasserstoffkessel,,,,,,
Handelspreise,,,,,,
Federal Reserve,,,,,,
Bad Tatzmannsdorf,,,,,,
Heimstaden,,,,,,
tqbo dmbttµ#bsujdmf``mpdbujpo#?Epib/'octq´=0tqbo,,,,,,
Heimstaden-Mieter,,,,,,
Gas-Deals,,,,,,
Fracking-Tabu,,,,,,
Fracking-Problem,,,,,,
Truppenrückzug,,,,,,
Netto-Null,,,,,,
Kurs,,,,,,
Albigna-Staumauer,,,,,,
Bergell,,,,,,
Produkt-Check,,,,,,
Potsdams,,,,,,
Svitlana,,,,,,
RWE-Aktie,,,,,,
Klimavorrang,,,,,,
Oberkirchbach,,,,,,
Wienerwald,,,,,,
Wiesbadens,,,,,,
Wiesbadener,,,,,,
Euro-Zone,,,,,,
regne,,,,,,
Gas-Schatz,,,,,,
Charly,,,,,,
Schwarze Meer +++ AKW Saporischschja,,,,,,
Ersten Kanal Russlands,,,,,,
Rossija,,,,,,
ntv.de-Interviews,,,,,,
Potemkin,,,,,,
Mena,,,,,,
Seefeld,,,,,,
Tschernihiw,,,,,,
Potemkin heim,,,,,,
Befreiungskämpfer,,,,,,
Tschetschenen,,,,,,
Golf,,,,,,
Thailand,,,,,,
US-Amerikanerin,,,,,,
Europatournee,,,,,,
Bezieh,,,,,,
Kliniken Energie,,,,,,
Zivilschutzes,,,,,,
Bahnhof,,,,,,
uuek,,,,,,
Duisburg,,,,,,
Königen,,,,,,
Staatengruppe,,,,,,
Vorweihnachtsgeschäft,,,,,,
vel pel,,,,,,
Putinschen Dörfer,,,,,,
Erzgebirgskreis,,,,,,
Rostow,,,,,,
Jerewan,,,,,,
Branchen-Ranking,,,,,,
Plattform,,,,,,
Gegenwinds,,,,,,
Handelspa,,,,,,
Deutschlands LNG-Zukunft,,,,,,
Teilmobilisierung,,,,,,
Banksy-Werke,,,,,,
Ex-EZB-Bankers,,,,,,
Barça-Gastspiel,,,,,,
"stern-Podcast ""Ukraine",,,,,,
Hochdruckgebiet,,,,,,
Singapurer,,,,,,
Hannover-Berlin,,,,,,
Privatverbrauche,,,,,,
kel veklpekelutlek,,,,,,
Ieunel,,,,,,
Kohlendioxid-Eis,,,,,,
Roten Planeten,,,,,,
Bhutans,,,,,,
Verbraucherpreisen,,,,,,
Kra,,,,,,
peu 6utt,,,,,,
Leeds,,,,,,
Nationalgalerie,,,,,,
Dakar,,,,,,
Inverter-Poolpumpe,,,,,,
Extra-Duschtarif,,,,,,
tellows,,,,,,
BMW-Chef,,,,,,
Gehen,,,,,,
Riad,,,,,,
Neckarwestheim 2,,,,,,
ukrainischen Grenze,,,,,,
Valorant,,,,,,
Trigema-Chef Grupp,,,,,,
Isar 2,,,,,,
Siegsdorf,,,,,,
Kreis Traunstein,,,,,,
Straßen-Wahlkampf-Rallye,,,,,,
Wattenmeer,,,,,,
Niederländern,,,,,,
Dänen,,,,,,
Halteseil,,,,,,
Schützeng,,,,,,
Winddrachen,,,,,,
Angriffskriegs,,,,,,
Wananas,,,,,,
GUANGZHOU,,,,,,
Perlinger,,,,,,
Terrorkampagne,,,,,,
Tages-Bestpreis,,,,,,
Nedis,,,,,,
Großraum Kiew,,,,,,
Fahrrad-Demo,,,,,,
Innenstadt,,,,,,
Du,,,,,,
Alten Markt,,,,,,
Peißenberg,,,,,,
Mehrfamilienhaus,,,,,,
Peloponnes,,,,,,
Herne,,,,,,
Dnjepr,,,,,,
Dnepr,,,,,,
Bad,,,,,,
Kanadiern,,,,,,
Gas-Terminal,,,,,,
Getreide-Export +++,,,,,,
Schiffskontrollen,,,,,,
Gebiet Luhansk,,,,,,
Preissteigeru,,,,,,
LNG-Terminals Wilhelmshaven,,,,,,
Kreis Alzey-Worms,,,,,,
Schkeuditz,,,,,,
Kohle-Gas-Duo Krebber,,,,,,
September2022,,,,,,
Europäische Staaten,,,,,,
Ukraine-Überblick,,,,,,
Panzertraining,,,,,,
Oligarchenhelfer,,,,,,
Verliererstraße,,,,,,
schmerzh,,,,,,
Strom,,,,,,
Energiepreishilfen für den Winter,,,,,,
Magdeburgs,,,,,,
Monaco,,,,,,
Winterliches Wetter,,,,,,
Sachsen-Anhalts Linke-Landtagsfraktion,,,,,,
Abwärts,,,,,,
Shoppingpalast,,,,,,
Unterhaltungszentrum Filion,,,,,,
Gas-Preis,,,,,,
Mützenichs,,,,,,
Gasstation Baumgarten,,,,,,
Jubilä,,,,,,
Albigna-Stausee,,,,,,
norddeutschen Küste,,,,,,
Waffenlieferanten,,,,,,
Rumaylah-Ölfeldern,,,,,,
Regierung Scholz,,,,,,
Extremschwimmer Lewis Pugh,,,,,,
Entlastungsformel,,,,,,
Häuslbauermesse,,,,,,
Einberufungsstellen,,,,,,
Deuts,,,,,,
Glatte Straßen,,,,,,
Uiguren,,,,,,
Gas-Riesen,,,,,,
Nato-Land Türkei,,,,,,
Bodrum,,,,,,
hiesigen,,,,,,
Füllstän,,,,,,
Bergen Europas,,,,,,
Hauge,,,,,,
Bricht Frankfurt,,,,,,
Stür,,,,,,
Ölkrisen,,,,,,
Energie-Ausweg,,,,,,
Islamischen Republik,,,,,,
Schweizer Alpen,,,,,,
Islamische Republik Iran,,,,,,
US-Soldaten,,,,,,
Südirak,,,,,,
Gleiten,,,,,,
Sowjetischen Ehrenmal,,,,,,
Bosniens,,,,,,
Gas-Fragen,,,,,,
gestiegen</li><li,,,,,,
Erlebnisbädern,,,,,,
Bayern-Elf,,,,,,
Großhandelsmarkt,,,,,,
Pjöngjang,,,,,,
Hama-Deal,,,,,,
Soledar +++ Klingbeil,,,,,,
Freshfields,,,,,,
Guardia di Finanza,,,,,,
Storks Spezialfutter,,,,,,
Vorwürfe</li><li,,,,,,
Klima-Konjunktiv,,,,,,
Niederösterreichs,,,,,,
Ö1,,,,,,
Morgenjournal,,,,,,
Raffinerie Schwechat,,,,,,
Extremwinter,,,,,,
Rü,,,,,,
Enge Bundesligaspitze,,,,,,
Serbenführer Dodik,,,,,,
Zerkalo Nedeli,,,,,,
Donezk-Region,,,,,,
Eisberg,,,,,,
Krisengewinner,,,,,,
Leser-Diskussion,,,,,,
Mittelmeer-Land,,,,,,
Apulien,,,,,,
Bund-Länder-Finanzen,,,,,,
Lac,,,,,,
Einfuhrstopp,,,,,,
Giggijoch,,,,,,
Kölner Tore-Gala,,,,,,
deutsche Staat,,,,,,
Choupo-Moting,,,,,,
Wolfratshausen,,,,,,
Oberpframmern,,,,,,
Bauort,,,,,,
Patriot-Kampfstaffeln,,,,,,
Milorad Dodik,,,,,,
C…,,,,,,
Borodjanka,,,,,,
serbischen Landesteil,,,,,,
Kleingewerben,,,,,,
Vorn,,,,,,
Bulaeaeu peu Uulpektoaeu pel,,,,,,
Bundesgebiet,,,,,,
aekl,,,,,,
Sevim,,,,,,
Friedhof der Sozialisten,,,,,,
Reykjavík,,,,,,
Ukrainisches Kinderfest,,,,,,
Winter-Attraktion,,,,,,
Web3,,,,,,
Verkehrshaus Luzern,,,,,,
Espace des inventions,,,,,,
Lausanne,,,,,,
Lugano,,,,,,
CSU-Parteitag,,,,,,
Ölfonds,,,,,,
Schwarzmeer-Halbinsel,,,,,,
Chemiearbeitern,,,,,,
Energie-Verteilkämpfe,,,,,,
Ramstein +++,,,,,,
Mittelmeer-Gas,,,,,,
Vorarlberg Museum,,,,,,
Landestheater,,,,,,
Urtei,,,,,,
Atlético,,,,,,
Mongolei,,,,,,
Polarlicht-Jäger,,,,,,
Niederösterreichern,,,,,,
Scheinheilige,,,,,,
Bermuda,,,,,,
Netzagentur-Chef Müller,,,,,,
Speiseöl,,,,,,
Öl-Riese,,,,,,
Getreide-Deals,,,,,,
Erdgasspeichern,,,,,,
Gesundheitszustand Nawalnys,,,,,,
Kanz,,,,,,
St. Helena,,,,,,
Finanzkraftausgleichs,,,,,,
AKWs +++ Entwicklungen,,,,,,
Liveblo,,,,,,
Akzepta,,,,,,
Treibhausgas-Emi,,,,,,
Lubmin an der,,,,,,
China-Versteher - Sorry,,,,,,
Mattersburg,,,,,,
Falklandinseln,,,,,,
Erdgasbohrungen,,,,,,
Nationalparkgemeinde,,,,,,
OÖ,,,,,,
Kaimaninseln,,,,,,
Berkeley Square,,,,,,
Bratislava,,,,,,
Davos +++,,,,,,
Kei,,,,,,
Dikson,,,,,,
Teneriffa,,,,,,
Putin-Rede,,,,,,
Berliner Alexanderplatz,,,,,,
Bayern-Ausrutscher,,,,,,
Birr,,,,,,
Achimgaz,,,,,,
Novy Urengoi,,,,,,
Weltwirtschaftsforu,,,,,,
Ukraine-Flüchtlingen,,,,,,
Atomkraftwerk Isar,,,,,,
Straßburg,,,,,,
Vermisstenfälle,,,,,,
Feldöfen,,,,,,
KaminofenEin Schüttraummeter Brennholz,,,,,,
Kriegszielen,,,,,,
Atomkraftwerk Isar 2,,,,,,
Lokalrunde,,,,,,
Sophia,,,,,,
Di… Potsdam,,,,,,
Linken-Fraktion,,,,,,
Bayern-Coach,,,,,,
Veltins,,,,,,
Wagner-Anwerbeversuche +++,,,,,,
Steigende Löhne,,,,,,
Australian Open,,,,,,
Frontnähe,,,,,,
Holzmarkt,,,,,,
Kaufhaus Harrods,,,,,,
Hitze-Herbst,,,,,,
Kriminalstatistikern,,,,,,
Mittsechziger,,,,,,
Präsidentenberater Oleksyj Arestowytsch,,,,,,
Befehlshab,,,,,,
bleibt?<em,,,,,,
Red Bull Arena,,,,,,
Naschenweng,,,,,,
Wirtschaftspanel,,,,,,
Vierzehn Minuten,,,,,,
Perwy,,,,,,
Ersten Kanal,,,,,,
Öl-Klemme,,,,,,
Chemieverbands VCI,,,,,,
Pep-Rasen,,,,,,
Kunst-Fasern,,,,,,
Bootsbranche,,,,,,
Dom,,,,,,
Schaden,,,,,,
Gasspeicher Rehden,,,,,,
Antau,,,,,,
Bezirk Mattersburg,,,,,,
Nordburgenland,,,,,,
Raiffeisenunterne,,,,,,
Millionenstadt Odessa,,,,,,
OP-Utensilien,,,,,,
Anbieterwechseln,,,,,,
Neuer-Aussagen,,,,,,
Spaniern,,,,,,
Portugiesen,,,,,,
City-intern,,,,,,
Main,,,,,,
Winter-Transferperiode,,,,,,
Tor des deutschen Rekordmeisters,,,,,,
Westfalenstadion,,,,,,
Bidens Tankstellenproblem,,,,,,
Nordirland,,,,,,
Putin-Telefonate,,,,,,
Waffen-Deal,,,,,,
Kinderarztpraxen,,,,,,
deutscher Küste,,,,,,
Personalausfälle,,,,,,
Gewerkschaftskämpfen,,,,,,
peu Bellv-POett-Ieth pnekeu,,,,,,
Studi-Anliegen,,,,,,
Snowboardfans,,,,,,
Spielzeugbranche,,,,,,
Kinderspielzeugs,,,,,,
Halle 11,,,,,,
Nürnberger Messezentrums,,,,,,
oö,,,,,,
Pettenbach,,,,,,
Stalingrad,,,,,,
Anderthalb Stunden,,,,,,
Kanzlergespräch,,,,,,
Speicher Rehden,,,,,,
Heizgeschenk vom Staat,,,,,,
Elternsorgen,,,,,,
Zahlu,,,,,,
Karlsfeld,,,,,,
Strand,,,,,,
Me,,,,,,
Insel Capri,,,,,,
Capri,,,,,,
Krankenhäus,,,,,,
Pankows,,,,,,
Scholcron,,,,,,
Vpellepeknuaphuettel,,,,,,
Russische Paris Hilton,,,,,,
Notfallszenarien,,,,,,
Oligarchen,,,,,,
Uepeup,,,,,,
Zerreißprobe +++,,,,,,
Airportgeschäft,,,,,,
Entla,,,,,,
Hunsrück-Airport Hahn,,,,,,
Downing Street,,,,,,
Bliny,,,,,,
Nominallöhne,,,,,,
Prypjat,,,,,,
AKW Tschernobyl,,,,,,
Krankenhausbesucher,,,,,,
Verlagsangebot Europe,,,,,,
skenderun,,,,,,
Iskenderun,,,,,,
Wintershall Dea,,,,,,
Ifo-GeschÃ¤ftsklima,,,,,,
Puderzuckerlandschaft,,,,,,
Neukundenstopp,,,,,,
Zehn-Punkte-Programm,,,,,,
Palast,,,,,,
Frankfurt-Hahn,,,,,,
Kriegslast,,,,,,
Ölpreis-Obergrenze,,,,,,
Brüssel +++ Mützenich,,,,,,
Export-Erlösen,,,,,,
Drohnen-Fabrik,,,,,,
Baerbock-Satz,,,,,,
Behördenangaben,,,,,,
elettekleup,,,,,,
Vor-Kriegsniveau,,,,,,
Wasserkuppe,,,,,,
Gelbwestenproteste,,,,,,
Russland-Deals,,,,,,
Bayern-Kapitän,,,,,,
Raketen-Start,,,,,,
Neuer-Krach,,,,,,
Kaliningrad,,,,,,
uulepel,,,,,,
Schottlands,,,,,,
AKW Emsland,,,,,,
Zara-Mutter,,,,,,
französischsprachigen Teils,,,,,,
Tschetschenien,,,,,,
Atom-Drohungen,,,,,,
Solarenerg,,,,,,
Ski-,,,,,,
Cosco-Beteiligung,,,,,,
Füllstandziel,,,,,,
Den USA,,,,,,
Gropiusstadt,,,,,,
Kiew +++ Selenskyj,,,,,,
M… Putins Krieg,,,,,,
US-Blick,,,,,,
Sonne am Sonntag,,,,,,
Kampfjetdebatte,,,,,,
Propan-Heizen,,,,,,
Russlands Gasembargo,,,,,,
Klimaschützern,,,,,,
Europas Währungshüter,,,,,,
O,,,,,,
Valsartan,,,,,,
Antibiotika,,,,,,
Eisbaden,,,,,,
Zurückgelassen,,,,,,
Sowjetzeiten,,,,,,
Leitszinses,,,,,,
Familienpakt Bayern,,,,,,
Familienpakt BayernWenn,,,,,,
Schwimmbads,,,,,,
Immobilien-Eigentümer,,,,,,
Merz,,,,,,
Hohenb,,,,,,
Atomangst,,,,,,
Hohenbrunn,,,,,,
Kiew +++,,,,,,
Ostwestfalen,,,,,,
Rekordpreisen,,,,,,
Regierung Kasachstans,,,,,,
Süd-,,,,,,
Kroaten,,,,,,
Fastfood-Festival,,,,,,
daherredet,,,,,,
Neusiedl am See,,,,,,
Panzer-Ausbildung,,,,,,
Kyodo,,,,,,
Babis,,,,,,
Israelische Regierung,,,,,,
Kindergartensprache,,,,,,
Baerbocks,,,,,,
vnlpe,,,,,,
A 8.,,,,,,
Kriegskoordinator,,,,,,
Pellet-Heizungen,,,,,,
Härtefall-Hilfen,,,,,,
Arktischen Ozean,,,,,,
Gasbörse,,,,,,
Windausbau-Beschleuniger,,,,,,
Schleswig-Holsteins Windkraft-Branche,,,,,,
Beihilfe-Regeln,,,,,,
Inselweiher,,,,,,
Chersons +++,,,,,,
Sch,,,,,,
Volksrepublik Donbass,,,,,,
Feuer,,,,,,
J.Carstensen,,,,,,
Vereinigten Königreich,,,,,,
Beschäftigungsabsichten,,,,,,
Astora,,,,,,
dring,,,,,,
Borodinka,,,,,,
Landes Berlin,,,,,,
St. Pauli-Spielen,,,,,,
Leitzins,,,,,,
Titicacasee,,,,,,
Bedrohte See des Jahres,,,,,,
F.A.Z-Newsletter,,,,,,
Demokratieindex,,,,,,
Treffen,,,,,,
Lubmin +++ CDU-Politiker,,,,,,
Amerikanerinnen,,,,,,
Strangenweiher,,,,,,
Kirnbergsee,,,,,,
Penzberg,,,,,,
Wachsstöckl,,,,,,
ple vll vetlvell lealplllel,,,,,,
Schimmelflecke,,,,,,
Bayern-Wechsel,,,,,,
Man City,,,,,,
Ble outlllpekeu Bulpekelpnuaeu,,,,,,
Energie-Härtefallhilfen,,,,,,
Cosco,,,,,,
Brennöfen,,,,,,
Brandenburger Landtages,,,,,,
Gspusi,,,,,,
Idyll,,,,,,
Kraftw,,,,,,
Kinderfest,,,,,,
Bayern-Hattrick,,,,,,
Däne,,,,,,
Grünen-Abge,,,,,,
Landkreis Kusel,,,,,,
Landtagsabgeordneter,,,,,,
Landkreis Diepholz - buten,,,,,,
Landkreis Diepholz,,,,,,
San,,,,,,
Kampfpanzerlieferungen,,,,,,
Pannen,,,,,,
Suk Wakif,,,,,,
Leopoldstraße,,,,,,
Olaf-Scholz-Reise,,,,,,
Kohledorf,,,,,,
Baumh,,,,,,
Kreminna,,,,,,
Dars,,,,,,
Luftwaffen-Sprecher,,,,,,
Nato-Land,,,,,,
Explosionsge,,,,,,
Bulgare,,,,,,
Neujahrsnacht,,,,,,
Enttarnter,,,,,,
Kremlangaben,,,,,,
Brjansk,,,,,,
Biden +++,,,,,,
Balaklava,,,,,,
Balaklava-Mütze,,,,,,
Explosio,,,,,,
norwegischen Küste,,,,,,
Norwegen +++,,,,,,
Gaspreis,,,,,,
Altstadtbasar,,,,,,
Weihnachtspredigten,,,,,,
petlealeu VuleluekOeu,,,,,,
Friedenssaals,,,,,,
asiatischen Land,,,,,,
Mühldorf am Inn,,,,,,
Heizölkunden,,,,,,
Schönwetterradler,,,,,,
Marbach,,,,,,
nuOllletpel aepoell,,,,,,
Anbietern,,,,,,
Jadebusen,,,,,,
Nordseeküste,,,,,,
St. Gallen,,,,,,
Hof am Leithaberge,,,,,,
Bezirk Bruck/Leitha,,,,,,
Vllp,,,,,,
Menschenschicksal,,,,,,
Weihnachtspfunde,,,,,,
Tübingen,,,,,,
Waldbaden,,,,,,
Ble Velunua,,,,,,
Brisbane,,,,,,
Weißen Haus,,,,,,
Windeln,,,,,,
Rosenheim,,,,,,
Illan Mes,,,,,,
Bakhmut,,,,,,
Gießkanne,,,,,,
GTAI,,,,,,
europäis,,,,,,
Meeresbod,,,,,,
Temperaturvorhersage,,,,,,
Silvester,,,,,,
Schwimmende Terminals,,,,,,
Schaustellerverbands,,,,,,
Inkasso-Verband,,,,,,
Kernkraftwerk Beznau,,,,,,
Hass,,,,,,
Wiedereingliederungsge,,,,,,
Tiefensee,,,,,,
Teilmobilmachung,,,,,,
Wirtschaftsminister Tiefensee,,,,,,
UN-Koordinator,,,,,,
Mietenstopp,,,,,,
Gemeinde Wien,,,,,,
Scharen,,,,,,
Gro,,,,,,
Leuna-Raffinerie,,,,,,
Yougov-Umfrage,,,,,,
Engels,,,,,,
Ontario,,,,,,
BlFG,,,,,,
Niagara River,,,,,,
Lyon-Aus,,,,,,
Corona-Lage,,,,,,
enuul,,,,,,
Deutschen kaufen 2022,,,,,,
Optimismus-Kluft,,,,,,
Lagezentrums Ukraine,,,,,,
Swatowe,,,,,,
N. Buschschlüter.</em,,,,,,
Wint,,,,,,
Nord-Ostsee-Kanal Mittwoch,,,,,,
Corona-Maßnahmen,,,,,,
Wohlstandsverlust,,,,,,
Ölpreisdeckel,,,,,,
Baustau,,,,,,
Trivialen,,,,,,
Tal der Tränen,,,,,,
Ökostrom,,,,,,
Niagara,,,,,,
Rebensäfte,,,,,,
Top-Anbaugebiet,,,,,,
Niagarafällen,,,,,,
Celsius,,,,,,
Pub-Sterben,,,,,,
plup Blupeklouhnuaeu,,,,,,
Emir von Qatar,,,,,,
Dezemberhilfe,,,,,,
Wagner-Söldnergruppe,,,,,,
Vormarsch +++ Kiew,,,,,,
Uno-Klimakonferenz,,,,,,
WK) Tirol,,,,,,
Hausbränden,,,,,,
Ostdeutschlands,,,,,,
LNG-Terminals:,,,,,,
Ukrainenews,,,,,,
Gas-Hilfe,,,,,,
Minsker Flughafens,,,,,,
Leuna,,,,,,
ZH 100,,,,,,
Tiefkühlkosthersteller Frosta,,,,,,
Büroflur,,,,,,
Brüs,,,,,,
Randvolle Erdgas-Speicher,,,,,,
Deutsche Tourismusverband,,,,,,
Parkside,,,,,,
Kontinents,,,,,,
JVA Augsburg-Gablingen,,,,,,
Notenmarkt,,,,,,
Schoigu,,,,,,
Wohnungsvermieter,,,,,,
Irre,,,,,,
Griechische Regierung,,,,,,
Ostasiens,,,,,,
Stift Stams,,,,,,
infolg,,,,,,
Luxusboom,,,,,,
Planeten,,,,,,
Freizeitausgaben,,,,,,
Kleineres,,,,,,
Übersehenes,,,,,,
Nordafrikas,,,,,,
Gas-Pläne,,,,,,
Korruptionsskandal,,,,,,
Ro,,,,,,
Chloreinleitung ins Wattenmeer,,,,,,
Garderobenwechsel,,,,,,
Kinderschutzbund,,,,,,
Nachhaltiges,,,,,,
We,,,,,,
Vorarlberger,,,,,,
Crowdfunding,,,,,,
Gaststättenverbands,,,,,,
Freistaat Ba,,,,,,
Glatteis,,,,,,
Chisi,,,,,,
Weihnachtsgeld,,,,,,
Ausgelaufenes,,,,,,
österreichische Regierung,,,,,,
Deutschlands Wintersportorte,,,,,,
Restaur,,,,,,
Kohlenmonoxid-Vergiftungen,,,,,,
Neuer-Schock,,,,,,
Schnitzel,,,,,,
Konz,,,,,,
Energiekostenzuschuss 1,,,,,,
Hürth,,,,,,
Klopfgeräusche,,,,,,
Olympia,,,,,,
Landk,,,,,,
Milwaukee Mitchell International Airport,,,,,,
Vlppeupeketltel nup But,,,,,,
Südwestmetall-Chef,,,,,,
Süd,,,,,,
Öl-Pipeline,,,,,,
Industrie-Bundesverbands,,,,,,
Unterbrochene Lieferketten,,,,,,
Nordatlantik,,,,,,
Tech-Unternehmer,,,,,,
Gomel,,,,,,
Atomkraftwerke des Landes,,,,,,
Hessens Wäldern,,,,,,
Argentiniens,,,,,,
Aufwärmorte,,,,,,
Teilrepublik Tschuwaschien,,,,,,
Wisla,,,,,,
EU-Kommision,,,,,,
Düsseldorfer Energieriese,,,,,,
Wettbewerbshü,,,,,,
Energiespar-Ikone,,,,,,
Uniper-Hilfen,,,,,,
Räumdienste,,,,,,
Verbrauch,,,,,,
Kapitol,,,,,,
Tschechischen Republik,,,,,,
Neuer-Ausfall,,,,,,
Straßenmeistereien,,,,,,
Ve,,,,,,
Mini-Solaranlage,,,,,,
europäischs Land,,,,,,
nordrhein-westfälische Landtag,,,,,,
Krisen-Rettungsschirm,,,,,,
Ista,,,,,,
Digitalchef,,,,,,
Luftverteidi,,,,,,
Pantone-Farben,,,,,,
Aschaffenburg,,,,,,
B4B Schwaben,,,,,,
Schwangau,,,,,,
Energie-Poker,,,,,,
Eisberge,,,,,,
Geysire,,,,,,
Islands Naturschauspiele,,,,,,
Touri-Saison,,,,,,
Flughafen Keflavík,,,,,,
Kohletagebau Garzweiler,,,,,,
Weiterbaggern,,,,,,
Potsda,,,,,,
Kopenhagener,,,,,,
Küchenche,,,,,,
Konkursfällen,,,,,,
Nordatlantik +++,,,,,,
Nordmeer,,,,,,
Ostukraine +++,,,,,,
Fracking-VorstoÃŸ,,,,,,
Wagner-Söldnertruppe,,,,,,
EU-Beitrittsprozess,,,,,,
Wüstensonne,,,,,,
Geldbeutel,,,,,,
Energie-Partnerschaft,,,,,,
Vorzeigedorf,,,,,,
Kindertagesstätte,,,,,,
Karlshorst,,,,,,
Odesaplatz,,,,,,
Gasanschlüsse,,,,,,
Berliner Verkehrsbetriebe,,,,,,
steigenâ€,,,,,,
KfW,,,,,,
China-Versteher,,,,,,
Kontaminierter Covid-Abfall,,,,,,
Plastik-Müllbergen,,,,,,
Kamin-Studioleiter,,,,,,
Ölgeschäfte,,,,,,
Neubrandenburg,,,,,,
Marder-Panzer,,,,,,
Volksrepublik Luhansk,,,,,,
Zentralanstalt für Meteorologie und Geodynamik,,,,,,
Aloha,,,,,,
Silvester-Ausschreitungen,,,,,,
Rekordwärme,,,,,,
Westend,,,,,,
Landkreis Freising,,,,,,
Platz der Ukraine,,,,,,
Siwersk,,,,,,
Gefrierpunkts,,,,,,
Abwehrstellungen,,,,,,
Ice-Rafting,,,,,,
Soledar +++ Kiew,,,,,,
Soledar +++,,,,,,
Öl-Chef,,,,,,
Skikaiser,,,,,,
Wassersportbranche,,,,,,
heimgeholt,,,,,,
Ukraine-Russland-News,,,,,,
fr.de,,,,,,
US-Verbr,,,,,,
Fed,,,,,,
Wagner-Verteidigungslinie,,,,,,
polnischen Regierung,,,,,,
Berner,,,,,,
Mehr,,,,,,
Bundesfin,,,,,,
Ravensburg,,,,,,
Pandemie-Ende,,,,,,
Washingtons,,,,,,
Ukraine-Krieg sor…,,,,,,
Thermovorhängen,,,,,,
Ladestraße,,,,,,
Migrationshintergrund,,,,,,
Unve,,,,,,
Weltbank-Chef,,,,,,
Oklahoma,,,,,,
Fort Sill,,,,,,
Mühlviertel,,,,,,
Zentralasiens,,,,,,
Usbekistan,,,,,,
Deutschl,,,,,,
Messegelände,,,,,,
Berliner Messegelände,,,,,,
City Cube,,,,,,
D… Oversize-Kleider,,,,,,
Golfstaat,,,,,,
Buckingham Palace,,,,,,
Engländer,,,,,,
Fellv Bullel,,,,,,
Blneheleleu,,,,,,
Ileehlua uuu Ueplvoaeu,,,,,,
Standorterhalt,,,,,,
Entgleister Zug,,,,,,
Billigeres,,,,,,
Benediktbeuern,,,,,,
Taliban,,,,,,
Corona-Variante,,,,,,
ESC-Chef,,,,,,
Lugansk,,,,,,
Alt-Laatzen,,,,,,
Region Hannover,,,,,,
Heizkörpern,,,,,,
London +++,,,,,,
Zentralschweiz,,,,,,
Börsengang,,,,,,
Schwäbisch Hall,,,,,,
Solarstrom-Ausbau,,,,,,
Netze,,,,,,
Solardächer,,,,,,
Solarstroms,,,,,,
Batteriemetallen,,,,,,
Schuhtrends,,,,,,
Rückreisewelle,,,,,,
Öl-Embargo,,,,,,
Schwedts,,,,,,
Kriegsgewinne,,,,,,
Sotschi,,,,,,
Kaukasus,,,,,,
Nordfinnland,,,,,,
Brit,,,,,,
pelell,,,,,,
Neujahrsansprachen,,,,,,
Entlastungslösungen,,,,,,
luvletelu,,,,,,
Cannabis,,,,,,
Rückblick,,,,,,
Kult-Bullis,,,,,,
Klima-Kleber-,,,,,,
Prozen,,,,,,
Vorarlberger Hallenbäder,,,,,,
Schwarzheide,,,,,,
Reichweitenverluste,,,,,,
Bildern,,,,,,
Neckarwestheim,,,,,,
Archivbild,,,,,,
Lysychansk,,,,,,
Chi,,,,,,
Billionenhöhe,,,,,,
Rekrutierte,,,,,,
Frackinggas,,,,,,
Erdgasdebatte,,,,,,
Peru,,,,,,
Anden,,,,,,
Georgiewa,,,,,,
Ble aluQeu,,,,,,
Kalifornier,,,,,,
Unwillkürliche,,,,,,
Spione,,,,,,
Checkpoint Charlie,,,,,,
Rewe-Chef,,,,,,
Übe,,,,,,
Schleswig-Holsteins Küste,,,,,,
Nordfrieslands,,,,,,
Winterschlaf,,,,,,
Puderzucker,,,,,,
Lotto-Bilanz,,,,,,
Abhängigkeitsrisiko,,,,,,
Winterspiel,,,,,,
alaeullpeke,,,,,,
leltvelpe,,,,,,
Wattenmeers,,,,,,
Ärmelkanal,,,,,,
Flugplatz Belbek,,,,,,
Signalcharakter,,,,,,
Winter-Wechsel,,,,,,
Panzer-Lieferungen,,,,,,
Köflach,,,,,,
Gemeinde Köflach,,,,,,
Palantir für Polizei,,,,,,
Innsbruck,,,,,,
Sommer-Lösung,,,,,,
Offshore-Ölfeld,,,,,,
Statistische Bundesamt am Nachmittag,,,,,,
Zagreb,,,,,,
Emirats,,,,,,
Freist,,,,,,
Armeeangaben,,,,,,
InflationIn,,,,,,
Verbrauc,,,,,,
Elektrolyseure,,,,,,
Krie,,,,,,
Pfeffenhausen,,,,,,
Hooksiel,,,,,,
Kroatiens,,,,,,
Inflationsrückgang,,,,,,
Pellets-Hilfen,,,,,,
Tausendfach,,,,,,
Weltcup-Winter,,,,,,
Salzgitter,,,,,,
tmn,,,,,,
Benedikt-Trauerfeier,,,,,,
Zwisc,,,,,,
Staat Verbrauchern und Wirtschaft,,,,,,
Samara,,,,,,
Barca-Coach,,,,,,
